CPF_FUNCIONARIO,ATRIBUICAO
26480338311,Técnico de Vôlei
69265796100,Assistente de Reabilitação Física
86804506777,Professor de Natação
33009865088,Nutricionista Esportivo
46187029155,Supervisor de Recreação
18600909666,Fisioterapeuta
27983153522,Administrador de Ginásio
14824089377,Gestor de Programas Esportivos
53858653111,Administrador de Ginásio
94333432200,Professor de Yoga ou Pilates
30073653099,Professor de Educação Física
54917941800,Coordenador de Atividades Esportivas
30802807177,Instrutor de Musculação
80980153866,Professor de Natação
34579470155,Técnico de Vôlei
87780782299,Instrutor de Musculação
61189355300,Professor de Educação Física
73994939288,Administrador de Ginásio
61985915144,Professor de Educação Física
12753551966,Preparador Físico
38241656600,Gestor de Programas Esportivos
32801738177,Supervisor de Recreação
97857618511,Treinador de Atletismo
12810565377,Fisioterapeuta
32037307400,Preparador Físico
12186881733,Gerente de Eventos Esportivos
71602037122,Coordenador de Atividades Esportivas
50384088777,Professor de Natação
85059075666,Monitores de Atividades Recreativas
52334532311,Professor de Educação Física
22765315688,Monitores de Atividades Recreativas
76493471844,Especialista em Medicina Esportiva
74419107811,Técnico de Futebol
85368317666,Técnico de Vôlei
98090685900,Psicólogo Esportivo
44024003411,Psicólogo Esportivo
49658406155,Coordenador de Atividades Esportivas
57592499244,Analista de Performance
78786793555,Gestor de Programas Esportivos
11620368699,Especialista em Medicina Esportiva
44617821155,Analista de Performance
71907021133,Professor de Natação
54572992600,Técnico de Vôlei
41967384433,Fisioterapeuta
42981374066,Preparador Físico
65641582622,Psicólogo Esportivo
45885380399,Professor de Educação Física
85321102311,Preparador Físico
24826165066,Administrador de Ginásio
55970107433,Técnico de Vôlei
56097556111,Administrador de Ginásio
57922286633,Assistente de Reabilitação Física
47813088800,Gerente de Eventos Esportivos
53106706100,Psicólogo Esportivo
46639856455,Supervisor de Recreação
99616592877,Instrutor de Musculação
75130321300,Especialista em Medicina Esportiva
73384763577,Coordenador de Atividades Esportivas
78895242933,Especialista em Medicina Esportiva
13865944900,Monitores de Atividades Recreativas
48945347033,Professor de Yoga ou Pilates
17860125533,Coordenador de Atividades Esportivas
35726375200,Professor de Educação Física
62673401044,Fisioterapeuta
22758152011,Preparador Físico
67125205500,Professor de Natação
35217891799,Técnico de Futebol
56904365500,Especialista em Medicina Esportiva
51567515044,Monitores de Atividades Recreativas
46055112700,Especialista em Medicina Esportiva
39472969088,Coordenador de Atividades Esportivas
68120766355,Gerente de Eventos Esportivos
64663362633,Psicólogo Esportivo
52747545111,Técnico de Futebol
67982785155,Analista de Performance
66487457977,Professor de Educação Física
37266008177,Instrutor de Musculação
63110942822,Treinador de Atletismo
51998039133,Supervisor de Recreação
97480071200,Professor de Natação
85416471299,Coordenador de Atividades Esportivas
20654069411,Coordenador de Atividades Esportivas
78669936611,Analista de Performance
86910878899,Administrador de Ginásio
95379214500,Monitores de Atividades Recreativas
79433736188,Especialista em Medicina Esportiva
76534055922,Preparador Físico
43861882744,Supervisor de Recreação
69648697000,Fisioterapeuta
32007189866,Técnico de Vôlei
18606185700,Gerente de Eventos Esportivos
91584865933,Administrador de Ginásio
94752598800,Analista de Performance
20638767622,Supervisor de Recreação
98850074155,Assistente de Reabilitação Física
82755789733,Professor de Natação
32319836900,Nutricionista Esportivo
33238280700,Coordenador de Atividades Esportivas
41064758122,Instrutor de Musculação
90947837899,Nutricionista Esportivo
56531766488,Fisioterapeuta
45127560866,Supervisor de Recreação
50092436366,Coordenador de Atividades Esportivas
12618950100,Supervisor de Recreação
55047126888,Preparador Físico
41998837700,Instrutor de Musculação
56804774088,Administrador de Ginásio
76364050400,Analista de Performance
47050230800,Administrador de Ginásio
58815088311,Gerente de Eventos Esportivos
61694973600,Técnico de Futebol
31833109611,Preparador Físico
59760746933,Técnico de Vôlei
58865804099,Psicólogo Esportivo
66285632788,Professor de Educação Física
88319880500,Nutricionista Esportivo
85638921699,Analista de Performance
45178005711,Gestor de Programas Esportivos
88628716199,Técnico de Futebol
68320539755,Nutricionista Esportivo
14150853077,Gestor de Programas Esportivos
16025432400,Supervisor de Recreação
23255177300,Monitores de Atividades Recreativas
91851223944,Especialista em Medicina Esportiva
91683334477,Administrador de Ginásio
76478714200,Analista de Performance
29770361566,Coordenador de Atividades Esportivas
41515183044,Psicólogo Esportivo
87692902611,Psicólogo Esportivo
14331992200,Treinador de Atletismo
68890174800,Fisioterapeuta
34639638255,Instrutor de Musculação
52099447788,Monitores de Atividades Recreativas
98398888977,Técnico de Futebol
17696239222,Monitores de Atividades Recreativas
92624476711,Supervisor de Recreação
20866440511,Assistente de Reabilitação Física
20742257411,Instrutor de Musculação
15859796944,Psicólogo Esportivo
16619813055,Instrutor de Musculação
52856756855,Analista de Performance
61162594211,Coordenador de Atividades Esportivas
71608989311,Coordenador de Atividades Esportivas
26106970744,Especialista em Medicina Esportiva
56055945400,Professor de Yoga ou Pilates
14126707055,Preparador Físico
43822361266,Instrutor de Musculação
39955306055,Instrutor de Musculação
92765536222,Técnico de Futebol
82925206199,Especialista em Medicina Esportiva
27657081699,Administrador de Ginásio
92950883955,Técnico de Futebol
63652834666,Treinador de Atletismo
38643169522,Especialista em Medicina Esportiva
99904186400,Gerente de Eventos Esportivos
89183390200,Gestor de Programas Esportivos
69197998477,Analista de Performance
44058212400,Psicólogo Esportivo
93751475500,Coordenador de Atividades Esportivas
93312437666,Gerente de Eventos Esportivos
37113502677,Administrador de Ginásio
82993577488,Supervisor de Recreação
22265020333,Professor de Yoga ou Pilates
39700343533,Professor de Educação Física
94001287977,Técnico de Vôlei
81590317777,Treinador de Atletismo
60077348033,Gestor de Programas Esportivos
43186162155,Psicólogo Esportivo
89063687988,Fisioterapeuta
24946013044,Professor de Yoga ou Pilates
56751598199,Supervisor de Recreação
80020047366,Especialista em Medicina Esportiva
79706441988,Assistente de Reabilitação Física
61621079733,Especialista em Medicina Esportiva
17840061300,Assistente de Reabilitação Física
87441299477,Monitores de Atividades Recreativas
25032274066,Coordenador de Atividades Esportivas
27736278300,Monitores de Atividades Recreativas
42242446833,Psicólogo Esportivo
58737749277,Nutricionista Esportivo
86052944933,Analista de Performance
74401784244,Professor de Yoga ou Pilates
77618925555,Nutricionista Esportivo
31289092888,Professor de Yoga ou Pilates
98550907644,Coordenador de Atividades Esportivas
24837387455,Analista de Performance
84722196400,Coordenador de Atividades Esportivas
87522643788,Assistente de Reabilitação Física
17378923166,Gerente de Eventos Esportivos
15032467877,Professor de Natação
42916010699,Fisioterapeuta
84512583444,Psicólogo Esportivo
11099862899,Administrador de Ginásio
17991740266,Técnico de Futebol
91874533200,Administrador de Ginásio
31123885344,Monitores de Atividades Recreativas
58617471722,Supervisor de Recreação
88167375733,Técnico de Vôlei
32204223577,Analista de Performance
46800015188,Analista de Performance
54741905222,Monitores de Atividades Recreativas
45983973655,Preparador Físico
29055449022,Professor de Educação Física
64999262800,Coordenador de Atividades Esportivas
56792106655,Analista de Performance
24238050555,Professor de Yoga ou Pilates
85376307133,Professor de Natação
11082785744,Analista de Performance
92511467211,Técnico de Futebol
79283495588,Professor de Yoga ou Pilates
44566248411,Técnico de Vôlei
29842069677,Administrador de Ginásio
87198994599,Professor de Natação
74825059200,Professor de Yoga ou Pilates
62619386011,Professor de Natação
68932229044,Coordenador de Atividades Esportivas
53603460000,Nutricionista Esportivo
42667025077,Professor de Educação Física
18468204566,Psicólogo Esportivo
21215072722,Monitores de Atividades Recreativas
91278340266,Treinador de Atletismo
66331177877,Coordenador de Atividades Esportivas
73826227977,Instrutor de Musculação
49900012811,Psicólogo Esportivo
36688994600,Analista de Performance
26494654688,Preparador Físico
85306394999,Gestor de Programas Esportivos
61958036422,Técnico de Vôlei
41915841200,Professor de Educação Física
65056587266,Supervisor de Recreação
47955769555,Nutricionista Esportivo
32158679588,Administrador de Ginásio
11843883699,Especialista em Medicina Esportiva
80504659933,Especialista em Medicina Esportiva
25819309422,Administrador de Ginásio
94386325900,Gerente de Eventos Esportivos
61817175288,Professor de Yoga ou Pilates
43861309188,Psicólogo Esportivo
46864814300,Fisioterapeuta
73639033522,Nutricionista Esportivo
54317493311,Técnico de Vôlei
31938032866,Assistente de Reabilitação Física
71437530333,Técnico de Futebol
61241572766,Assistente de Reabilitação Física
91229635455,Assistente de Reabilitação Física
16292916177,Analista de Performance
87966057400,Assistente de Reabilitação Física
43748269800,Gestor de Programas Esportivos
18647086622,Fisioterapeuta
61640917644,Gerente de Eventos Esportivos
14313948311,Professor de Natação
52229600300,Analista de Performance
79827022955,Monitores de Atividades Recreativas
61134251777,Gerente de Eventos Esportivos
90165778744,Analista de Performance
87290493699,Analista de Performance
33162954966,Assistente de Reabilitação Física
76560091911,Supervisor de Recreação
22075380100,Gerente de Eventos Esportivos
18922874122,Assistente de Reabilitação Física
17680824133,Supervisor de Recreação
38864589977,Gestor de Programas Esportivos
65641700500,Professor de Yoga ou Pilates
24219380233,Professor de Natação
70432976211,Analista de Performance
58418747800,Técnico de Vôlei
48020016900,Supervisor de Recreação
99837623744,Fisioterapeuta
97857367500,Administrador de Ginásio
12873802044,Gestor de Programas Esportivos
50485495977,Supervisor de Recreação
23858723666,Psicólogo Esportivo
14566372155,Fisioterapeuta
67881514400,Coordenador de Atividades Esportivas
26407882300,Técnico de Vôlei
46675581133,Professor de Yoga ou Pilates
70582820722,Gerente de Eventos Esportivos
66009858100,Analista de Performance
90425381200,Professor de Educação Física
48912953099,Professor de Natação
20588013500,Técnico de Vôlei
84929842288,Supervisor de Recreação
70699180544,Coordenador de Atividades Esportivas
22010141755,Treinador de Atletismo
32956733900,Especialista em Medicina Esportiva
85335410400,Coordenador de Atividades Esportivas
59669502966,Técnico de Futebol
29226449799,Técnico de Futebol
51021817777,Administrador de Ginásio
79906006255,Psicólogo Esportivo
59693191200,Nutricionista Esportivo
38495382066,Professor de Yoga ou Pilates
89608198400,Instrutor de Musculação
39588678399,Coordenador de Atividades Esportivas
79910717233,Fisioterapeuta
25237408188,Professor de Natação
29715437144,Analista de Performance
92434994833,Treinador de Atletismo
30852356711,Treinador de Atletismo
71616869388,Professor de Natação
85756054700,Assistente de Reabilitação Física
79613888777,Técnico de Vôlei
83367271244,Técnico de Futebol
41339053266,Monitores de Atividades Recreativas
81751901911,Psicólogo Esportivo
17466964511,Nutricionista Esportivo
94322065133,Fisioterapeuta
39253798944,Psicólogo Esportivo
29418973999,Supervisor de Recreação
68601564144,Fisioterapeuta
57540822744,Professor de Educação Física
44092332544,Especialista em Medicina Esportiva
20357673000,Assistente de Reabilitação Física
71051267444,Especialista em Medicina Esportiva
80075071166,Fisioterapeuta
69475163233,Assistente de Reabilitação Física
56125194511,Administrador de Ginásio
45596842788,Nutricionista Esportivo
86651805833,Especialista em Medicina Esportiva
73043555900,Especialista em Medicina Esportiva
68871150699,Especialista em Medicina Esportiva
71227704000,Treinador de Atletismo
44723235599,Nutricionista Esportivo
97071400622,Fisioterapeuta
89463923633,Gestor de Programas Esportivos
59077525722,Técnico de Vôlei
47034447477,Coordenador de Atividades Esportivas
77362997066,Psicólogo Esportivo
51920926044,Preparador Físico
70822108922,Professor de Natação
79395560377,Administrador de Ginásio
61477054822,Professor de Educação Física
56620106844,Professor de Yoga ou Pilates
38915371233,Professor de Educação Física
75791489944,Treinador de Atletismo
55715879544,Monitores de Atividades Recreativas
57618791155,Instrutor de Musculação
46690697055,Supervisor de Recreação
21450077844,Técnico de Futebol
39364498722,Professor de Yoga ou Pilates
80660238200,Treinador de Atletismo
79594403444,Professor de Yoga ou Pilates
81740312866,Supervisor de Recreação
10860813155,Técnico de Futebol
74672875188,Professor de Yoga ou Pilates
78280732400,Especialista em Medicina Esportiva
20598715655,Monitores de Atividades Recreativas
96070873566,Treinador de Atletismo
35583265399,Nutricionista Esportivo
47124343688,Fisioterapeuta
10360818699,Gerente de Eventos Esportivos
10161451877,Especialista em Medicina Esportiva
12927697933,Professor de Yoga ou Pilates
46180702000,Psicólogo Esportivo
35641928599,Supervisor de Recreação
24346245700,Supervisor de Recreação
73443787011,Assistente de Reabilitação Física
59516812000,Preparador Físico
11869368600,Gerente de Eventos Esportivos
43236541899,Professor de Natação
90147020433,Professor de Natação
74246454044,Professor de Educação Física
88348865933,Gestor de Programas Esportivos
80534506877,Coordenador de Atividades Esportivas
15809507799,Analista de Performance
53956783288,Fisioterapeuta
49540107211,Professor de Natação
44229213555,Fisioterapeuta
42885584255,Professor de Yoga ou Pilates
96485331999,Analista de Performance
52496086633,Supervisor de Recreação
41522820888,Técnico de Futebol
31194849544,Técnico de Vôlei
20440294566,Psicólogo Esportivo
95612557077,Supervisor de Recreação
42639362211,Assistente de Reabilitação Física
50587728922,Técnico de Futebol
14994655800,Treinador de Atletismo
16516031466,Analista de Performance
87668687000,Administrador de Ginásio
36666936100,Especialista em Medicina Esportiva
51549548155,Gerente de Eventos Esportivos
95237552188,Gerente de Eventos Esportivos
80300904200,Instrutor de Musculação
18555142811,Fisioterapeuta
26041677866,Preparador Físico
17022169344,Psicólogo Esportivo
46635964600,Analista de Performance
69793487799,Monitores de Atividades Recreativas
51134578500,Professor de Yoga ou Pilates
14295365199,Analista de Performance
18054058533,Preparador Físico
94658061100,Coordenador de Atividades Esportivas
94392180700,Treinador de Atletismo
14464415044,Professor de Natação
84870598133,Supervisor de Recreação
66122814055,Treinador de Atletismo
97520578888,Psicólogo Esportivo
50459843655,Professor de Yoga ou Pilates
43292961444,Coordenador de Atividades Esportivas
65751028166,Administrador de Ginásio
30378414600,Técnico de Futebol
34093606466,Especialista em Medicina Esportiva
46444976577,Técnico de Futebol
26323272022,Administrador de Ginásio
87035139399,Preparador Físico
24467524111,Gestor de Programas Esportivos
13719399344,Administrador de Ginásio
51014634855,Treinador de Atletismo
50649892022,Treinador de Atletismo
33807649811,Nutricionista Esportivo
62088427866,Professor de Yoga ou Pilates
56399928088,Professor de Natação
37065653233,Professor de Yoga ou Pilates
70050036322,Especialista em Medicina Esportiva
33608849144,Administrador de Ginásio
38917913566,Preparador Físico
21813224499,Nutricionista Esportivo
19559390555,Treinador de Atletismo
51790408688,Gerente de Eventos Esportivos
61460499488,Gerente de Eventos Esportivos
49040095766,Gestor de Programas Esportivos
99068786222,Coordenador de Atividades Esportivas
18690323499,Gestor de Programas Esportivos
94276897733,Técnico de Vôlei
96422064477,Treinador de Atletismo
44643113500,Gestor de Programas Esportivos
51342690844,Técnico de Vôlei
24534915200,Nutricionista Esportivo
56366682366,Gerente de Eventos Esportivos
88406439311,Técnico de Futebol
62704078699,Preparador Físico
54202849288,Gerente de Eventos Esportivos
81900501177,Especialista em Medicina Esportiva
43072907477,Preparador Físico
11812688266,Instrutor de Musculação
15611482888,Supervisor de Recreação
68830652377,Técnico de Futebol
66737788900,Treinador de Atletismo
91686536899,Treinador de Atletismo
59869907499,Coordenador de Atividades Esportivas
83177856377,Administrador de Ginásio
13005205744,Nutricionista Esportivo
94096992155,Administrador de Ginásio
28585554511,Preparador Físico
19400031211,Supervisor de Recreação
22731691677,Instrutor de Musculação
81222887900,Nutricionista Esportivo
57680163766,Instrutor de Musculação
20864312955,Gestor de Programas Esportivos
89401895744,Técnico de Vôlei
20096650155,Preparador Físico
88720239555,Preparador Físico
78689554300,Analista de Performance
41795398966,Professor de Yoga ou Pilates
76521963611,Professor de Educação Física
66095608388,Professor de Educação Física
30806377200,Instrutor de Musculação
48278230811,Administrador de Ginásio
76588566733,Nutricionista Esportivo
72438424022,Administrador de Ginásio
87082835244,Supervisor de Recreação
88696937244,Supervisor de Recreação
43609015266,Professor de Yoga ou Pilates
13206778600,Professor de Yoga ou Pilates
27186977333,Gestor de Programas Esportivos
16280178999,Analista de Performance
80381131799,Gestor de Programas Esportivos
73028318822,Técnico de Futebol
15115250888,Preparador Físico
20647290977,Técnico de Futebol
62250578977,Preparador Físico
25039152800,Fisioterapeuta
46353052366,Administrador de Ginásio
22160491155,Fisioterapeuta
15089365522,Professor de Yoga ou Pilates
31734731677,Técnico de Futebol
61132638788,Analista de Performance
47280534822,Gerente de Eventos Esportivos
98474745911,Administrador de Ginásio
29933459233,Fisioterapeuta
37909483733,Psicólogo Esportivo
14194936800,Professor de Natação
72783378799,Coordenador de Atividades Esportivas
60169364488,Supervisor de Recreação
60957777399,Coordenador de Atividades Esportivas
29344248633,Fisioterapeuta
86965137033,Assistente de Reabilitação Física
29834367488,Coordenador de Atividades Esportivas
41748330600,Monitores de Atividades Recreativas
13280693622,Coordenador de Atividades Esportivas
47137616800,Técnico de Vôlei
21415854733,Gestor de Programas Esportivos
30875729000,Gerente de Eventos Esportivos
34376201188,Técnico de Vôlei
64775893466,Monitores de Atividades Recreativas
98904509688,Monitores de Atividades Recreativas
68234673711,Nutricionista Esportivo
67005199188,Nutricionista Esportivo
44594823800,Professor de Educação Física
53642173100,Técnico de Futebol
46705503655,Supervisor de Recreação
17492509500,Fisioterapeuta
14353978511,Assistente de Reabilitação Física
90479732322,Administrador de Ginásio
12623407211,Gestor de Programas Esportivos
41596153333,Professor de Educação Física
17489896344,Professor de Natação
40094262688,Psicólogo Esportivo
45100802477,Psicólogo Esportivo
11329707255,Nutricionista Esportivo
79253401422,Psicólogo Esportivo
23524298200,Técnico de Futebol
77133172522,Professor de Yoga ou Pilates
68051293700,Analista de Performance
39770154788,Fisioterapeuta
13823932611,Professor de Educação Física
99579515644,Assistente de Reabilitação Física
19461720900,Preparador Físico
91807953666,Administrador de Ginásio
81658505044,Assistente de Reabilitação Física
57013555277,Especialista em Medicina Esportiva
42573088266,Coordenador de Atividades Esportivas
13701575688,Gestor de Programas Esportivos
86368035788,Instrutor de Musculação
35260393055,Técnico de Futebol
36469335855,Assistente de Reabilitação Física
94433429011,Supervisor de Recreação
52215517566,Analista de Performance
88647234044,Fisioterapeuta
62613028399,Gerente de Eventos Esportivos
34415232888,Assistente de Reabilitação Física
63733213555,Professor de Yoga ou Pilates
38125568555,Preparador Físico
59145566355,Técnico de Vôlei
33411579800,Gestor de Programas Esportivos
24117673077,Psicólogo Esportivo
37940509322,Especialista em Medicina Esportiva
88695859055,Técnico de Futebol
74863141933,Analista de Performance
46900299899,Assistente de Reabilitação Física
62691911300,Fisioterapeuta
13934655877,Monitores de Atividades Recreativas
38907334255,Administrador de Ginásio
80365071299,Coordenador de Atividades Esportivas
15831588399,Gerente de Eventos Esportivos
35160969933,Gerente de Eventos Esportivos
34729879522,Professor de Educação Física
83496939755,Gestor de Programas Esportivos
24323262611,Supervisor de Recreação
16948105422,Fisioterapeuta
68765972533,Assistente de Reabilitação Física
17269303944,Supervisor de Recreação
64773741888,Especialista em Medicina Esportiva
60734151333,Gestor de Programas Esportivos
93618606822,Administrador de Ginásio
10874445000,Professor de Natação
22526487166,Treinador de Atletismo
23328881522,Professor de Educação Física
41510110211,Monitores de Atividades Recreativas
29386160822,Preparador Físico
28734090100,Analista de Performance
28812103844,Coordenador de Atividades Esportivas
19266331800,Preparador Físico
20678501488,Fisioterapeuta
55120011244,Nutricionista Esportivo
44979973400,Técnico de Vôlei
64971049333,Professor de Educação Física
68694183300,Especialista em Medicina Esportiva
45118533122,Monitores de Atividades Recreativas
94155735466,Coordenador de Atividades Esportivas
77988962877,Supervisor de Recreação
74169270300,Especialista em Medicina Esportiva
42067136777,Psicólogo Esportivo
87603603722,Instrutor de Musculação
17017470811,Gestor de Programas Esportivos
91232928811,Preparador Físico
13381597200,Preparador Físico
69905553511,Professor de Yoga ou Pilates
43931458955,Instrutor de Musculação
90096856911,Psicólogo Esportivo
82038712088,Gerente de Eventos Esportivos
90859235900,Coordenador de Atividades Esportivas
24848165022,Supervisor de Recreação
37394443800,Fisioterapeuta
67089336322,Técnico de Vôlei
17935364900,Nutricionista Esportivo
32875322866,Supervisor de Recreação
52026123388,Gestor de Programas Esportivos
57975635099,Analista de Performance
73382721233,Professor de Natação
80329870455,Coordenador de Atividades Esportivas
37746827399,Gerente de Eventos Esportivos
30830783311,Especialista em Medicina Esportiva
37995867333,Analista de Performance
80539099144,Supervisor de Recreação
49365225700,Gerente de Eventos Esportivos
12855483533,Treinador de Atletismo
31352980355,Preparador Físico
28263278444,Fisioterapeuta
70545634333,Analista de Performance
56259645300,Professor de Natação
12817254399,Nutricionista Esportivo
62150921422,Analista de Performance
89546984333,Assistente de Reabilitação Física
28064479177,Especialista em Medicina Esportiva
54664157400,Instrutor de Musculação
88076679400,Professor de Natação
43859871655,Professor de Natação
13219877222,Coordenador de Atividades Esportivas
70691468177,Gestor de Programas Esportivos
58236188088,Psicólogo Esportivo
58824927699,Gestor de Programas Esportivos
64953997077,Professor de Natação
72215176900,Assistente de Reabilitação Física
35391396300,Nutricionista Esportivo
63774575022,Professor de Educação Física
82632546800,Gerente de Eventos Esportivos
81088900044,Técnico de Futebol
91149717988,Preparador Físico
41775108666,Gestor de Programas Esportivos
70644803011,Treinador de Atletismo
20002351588,Nutricionista Esportivo
90958053600,Gerente de Eventos Esportivos
85952946900,Analista de Performance
55158730333,Coordenador de Atividades Esportivas
82633900955,Gestor de Programas Esportivos
45858382011,Gestor de Programas Esportivos
77840587300,Monitores de Atividades Recreativas
58572197600,Treinador de Atletismo
16719031100,Professor de Natação
74155764544,Técnico de Futebol
68955729100,Gerente de Eventos Esportivos
72101305433,Treinador de Atletismo
73329868922,Professor de Natação
48859075000,Psicólogo Esportivo
70582914466,Gerente de Eventos Esportivos
39753579599,Gestor de Programas Esportivos
10368823733,Administrador de Ginásio
37127413166,Professor de Educação Física
64417403466,Supervisor de Recreação
92133846888,Preparador Físico
85851387422,Treinador de Atletismo
22798649677,Preparador Físico
39996799999,Psicólogo Esportivo
25952654900,Supervisor de Recreação
89871163100,Gerente de Eventos Esportivos
55752936611,Monitores de Atividades Recreativas
38018363800,Especialista em Medicina Esportiva
19429328633,Professor de Yoga ou Pilates
17982275688,Supervisor de Recreação
40405338100,Treinador de Atletismo
51402943622,Professor de Natação
86567535844,Nutricionista Esportivo
95259459288,Técnico de Futebol
38373971144,Gestor de Programas Esportivos
64609806911,Treinador de Atletismo
60954003500,Analista de Performance
36626013111,Psicólogo Esportivo
30550484311,Professor de Yoga ou Pilates
55922745211,Gestor de Programas Esportivos
71709823311,Assistente de Reabilitação Física
17033244122,Técnico de Vôlei
22924765333,Analista de Performance
42439064755,Psicólogo Esportivo
44841133255,Professor de Yoga ou Pilates
88243285200,Psicólogo Esportivo
32101160599,Nutricionista Esportivo
43609937144,Especialista em Medicina Esportiva
99529613166,Gestor de Programas Esportivos
40956656022,Técnico de Futebol
99905386977,Treinador de Atletismo
30037307977,Coordenador de Atividades Esportivas
21307331744,Monitores de Atividades Recreativas
17563192600,Nutricionista Esportivo
49063290988,Fisioterapeuta
65994307166,Técnico de Futebol
41132166066,Assistente de Reabilitação Física
43899989433,Fisioterapeuta
54037471333,Técnico de Vôlei
28019792955,Técnico de Futebol
38367368100,Professor de Yoga ou Pilates
94358667277,Coordenador de Atividades Esportivas
69035998788,Gestor de Programas Esportivos
89847769399,Professor de Yoga ou Pilates
25262752455,Monitores de Atividades Recreativas
63323298311,Técnico de Futebol
82000789066,Professor de Natação
92211934977,Assistente de Reabilitação Física
76124463400,Coordenador de Atividades Esportivas
55822392511,Treinador de Atletismo
60809929144,Técnico de Vôlei
97527289288,Técnico de Futebol
65383714699,Professor de Natação
85827090644,Gestor de Programas Esportivos
63283419899,Gestor de Programas Esportivos
63633870277,Supervisor de Recreação
48464596755,Treinador de Atletismo
10560217488,Analista de Performance
22927015533,Supervisor de Recreação
10782927799,Técnico de Vôlei
69216504488,Treinador de Atletismo
40890858455,Psicólogo Esportivo
11404954377,Técnico de Futebol
42030210900,Treinador de Atletismo
32290050077,Instrutor de Musculação
23882327322,Técnico de Futebol
50785773788,Técnico de Vôlei
98488173522,Técnico de Futebol
29690542722,Professor de Yoga ou Pilates
28068018777,Gestor de Programas Esportivos
31763231311,Técnico de Futebol
24335297000,Fisioterapeuta
21933906577,Técnico de Futebol
52128499422,Analista de Performance
20147216377,Instrutor de Musculação
96369246944,Instrutor de Musculação
74552297633,Professor de Natação
32623440011,Gestor de Programas Esportivos
50602898699,Treinador de Atletismo
34438541411,Assistente de Reabilitação Física
88236670700,Professor de Natação
69734939988,Professor de Natação
29779328799,Instrutor de Musculação
53069287222,Professor de Yoga ou Pilates
36537063000,Professor de Natação
43191452088,Administrador de Ginásio
36011042888,Analista de Performance
53622316500,Assistente de Reabilitação Física
72191270066,Professor de Educação Física
63187558700,Monitores de Atividades Recreativas
46205611855,Administrador de Ginásio
75853685500,Monitores de Atividades Recreativas
88032385577,Treinador de Atletismo
42647152533,Nutricionista Esportivo
64795779144,Coordenador de Atividades Esportivas
19032259900,Supervisor de Recreação
55986908455,Nutricionista Esportivo
23207552177,Gestor de Programas Esportivos
19288213088,Professor de Natação
34239922800,Psicólogo Esportivo
10985559888,Analista de Performance
61181455477,Assistente de Reabilitação Física
24192186399,Gerente de Eventos Esportivos
33409341500,Fisioterapeuta
43189863300,Preparador Físico
24519188455,Preparador Físico
39407467977,Assistente de Reabilitação Física
81719091244,Preparador Físico
55868575966,Técnico de Vôlei
89003762099,Gerente de Eventos Esportivos
87469254733,Técnico de Vôlei
43629727811,Preparador Físico
88308269288,Administrador de Ginásio
45985978288,Administrador de Ginásio
78630583688,Supervisor de Recreação
36946460355,Coordenador de Atividades Esportivas
43830852100,Gestor de Programas Esportivos
56526432000,Treinador de Atletismo
24271868566,Professor de Yoga ou Pilates
45086131288,Nutricionista Esportivo
85874831966,Técnico de Vôlei
22035138611,Professor de Yoga ou Pilates
33037170522,Instrutor de Musculação
16112437188,Psicólogo Esportivo
76217317700,Psicólogo Esportivo
34475972677,Supervisor de Recreação
44537724755,Supervisor de Recreação
88462431700,Instrutor de Musculação
57815607422,Professor de Natação
91960280411,Técnico de Futebol
71783689777,Coordenador de Atividades Esportivas
95550513055,Gerente de Eventos Esportivos
90682877533,Nutricionista Esportivo
89832642177,Assistente de Reabilitação Física
25914944955,Coordenador de Atividades Esportivas
80849838499,Administrador de Ginásio
17081680288,Técnico de Vôlei
64561467633,Técnico de Vôlei
64351192444,Instrutor de Musculação
36890748600,Supervisor de Recreação
34232708888,Treinador de Atletismo
10526358811,Monitores de Atividades Recreativas
17981695411,Gerente de Eventos Esportivos
66044488433,Administrador de Ginásio
59835930300,Treinador de Atletismo
73737901866,Supervisor de Recreação
89796644944,Fisioterapeuta
78794586466,Especialista em Medicina Esportiva
88438196233,Psicólogo Esportivo
47999610800,Professor de Educação Física
57460052744,Analista de Performance
64247333611,Assistente de Reabilitação Física
38842861100,Supervisor de Recreação
92531945533,Monitores de Atividades Recreativas
58099016544,Monitores de Atividades Recreativas
24991761644,Técnico de Vôlei
93713071299,Psicólogo Esportivo
50749112733,Analista de Performance
27931915233,Técnico de Futebol
28842473788,Nutricionista Esportivo
98332380099,Gestor de Programas Esportivos
29049825233,Preparador Físico
92224859555,Assistente de Reabilitação Física
91536032655,Preparador Físico
91541789833,Professor de Educação Física
50081641122,Técnico de Futebol
37940240100,Preparador Físico
34275216644,Gestor de Programas Esportivos
42345431955,Administrador de Ginásio
63678885433,Supervisor de Recreação
86293280966,Monitores de Atividades Recreativas
73375887122,Administrador de Ginásio
71481895600,Treinador de Atletismo
58633582700,Instrutor de Musculação
28822726500,Técnico de Futebol
41382599888,Gerente de Eventos Esportivos
56786930344,Psicólogo Esportivo
84125925066,Supervisor de Recreação
86801587044,Supervisor de Recreação
51453586799,Coordenador de Atividades Esportivas
30883707744,Nutricionista Esportivo
34334733233,Gestor de Programas Esportivos
53248186822,Especialista em Medicina Esportiva
54779986955,Treinador de Atletismo
31645395766,Administrador de Ginásio
98755749888,Professor de Natação
55390161733,Psicólogo Esportivo
32273527022,Monitores de Atividades Recreativas
38651292000,Instrutor de Musculação
90531031711,Gestor de Programas Esportivos
41097366922,Técnico de Vôlei
28869963433,Professor de Educação Física
10154985666,Supervisor de Recreação
79669399955,Professor de Educação Física
10021382644,Psicólogo Esportivo
96372873022,Treinador de Atletismo
36073803333,Administrador de Ginásio
60698094833,Nutricionista Esportivo
63914254500,Técnico de Futebol
97669726722,Gestor de Programas Esportivos
62762771699,Técnico de Futebol
95566276855,Instrutor de Musculação
11498372177,Monitores de Atividades Recreativas
67409726055,Supervisor de Recreação
42656489677,Monitores de Atividades Recreativas
75233876166,Fisioterapeuta
38647357000,Assistente de Reabilitação Física
91469357388,Professor de Yoga ou Pilates
94385883888,Preparador Físico
86594217522,Professor de Yoga ou Pilates
93981259355,Especialista em Medicina Esportiva
58177587922,Preparador Físico
33773128899,Técnico de Futebol
70809245700,Instrutor de Musculação
47486206255,Monitores de Atividades Recreativas
37814577533,Instrutor de Musculação
49979061400,Coordenador de Atividades Esportivas
67971073933,Coordenador de Atividades Esportivas
44245842755,Especialista em Medicina Esportiva
74027455700,Professor de Educação Física
66803199199,Preparador Físico
23726102877,Técnico de Futebol
93676529500,Monitores de Atividades Recreativas
76258813266,Nutricionista Esportivo
33560052788,Técnico de Vôlei
54491872977,Especialista em Medicina Esportiva
58478299300,Preparador Físico
33203836399,Administrador de Ginásio
55551777555,Instrutor de Musculação
81959575955,Nutricionista Esportivo
95967959299,Professor de Natação
43326570399,Analista de Performance
71082809499,Psicólogo Esportivo
51427721644,Gestor de Programas Esportivos
26295083233,Monitores de Atividades Recreativas
49987615288,Monitores de Atividades Recreativas
54989352422,Fisioterapeuta
62126409988,Preparador Físico
23232697988,Professor de Natação
81527620677,Assistente de Reabilitação Física
73399802377,Professor de Natação
89708789044,Analista de Performance
23080815200,Gerente de Eventos Esportivos
11301753833,Gerente de Eventos Esportivos
37177271766,Gerente de Eventos Esportivos
11081037311,Fisioterapeuta
77095636944,Psicólogo Esportivo
61700778755,Preparador Físico
32096722966,Professor de Natação
59613617300,Professor de Natação
61079743855,Treinador de Atletismo
50864661488,Analista de Performance
98939556377,Psicólogo Esportivo
15839303888,Professor de Natação
18438467999,Preparador Físico
61852832988,Professor de Yoga ou Pilates
27563364244,Coordenador de Atividades Esportivas
15399036722,Analista de Performance
83683954966,Especialista em Medicina Esportiva
91579220711,Administrador de Ginásio
91224307411,Assistente de Reabilitação Física
46431750444,Gerente de Eventos Esportivos
60780187100,Professor de Educação Física
43237640066,Treinador de Atletismo
50388786100,Gestor de Programas Esportivos
55891540300,Psicólogo Esportivo
36744573500,Administrador de Ginásio
81557596522,Preparador Físico
23846597666,Professor de Yoga ou Pilates
76316006866,Analista de Performance
32032243488,Administrador de Ginásio
29922784322,Instrutor de Musculação
60038025022,Técnico de Futebol
99228016200,Preparador Físico
79638176433,Nutricionista Esportivo
25727891088,Professor de Natação
96007787955,Professor de Educação Física
69094341533,Gerente de Eventos Esportivos
76962560099,Professor de Yoga ou Pilates
29444332966,Nutricionista Esportivo
56843661711,Preparador Físico
21396355666,Administrador de Ginásio
50627688022,Psicólogo Esportivo
14648886122,Instrutor de Musculação
74500506333,Professor de Natação
21448781888,Administrador de Ginásio
76418829000,Assistente de Reabilitação Física
34984608977,Instrutor de Musculação
59894739077,Professor de Educação Física
40209818766,Professor de Natação
94517808233,Preparador Físico
95799751833,Administrador de Ginásio
32764843588,Especialista em Medicina Esportiva
90753739299,Especialista em Medicina Esportiva
10441892400,Treinador de Atletismo
11531946944,Analista de Performance
19622680711,Técnico de Futebol
95671837833,Fisioterapeuta
71695349088,Analista de Performance
72340855133,Psicólogo Esportivo
37795937188,Preparador Físico
46215144311,Nutricionista Esportivo
75713198466,Gestor de Programas Esportivos
78296239888,Gestor de Programas Esportivos
11396148944,Técnico de Vôlei
98848604088,Monitores de Atividades Recreativas
88980747788,Professor de Yoga ou Pilates
36201873200,Analista de Performance
85839913599,Nutricionista Esportivo
37439631088,Administrador de Ginásio
24579866300,Treinador de Atletismo
42416644744,Preparador Físico
26378497111,Técnico de Vôlei
68086369311,Professor de Educação Física
51074077655,Professor de Educação Física
73928227300,Fisioterapeuta
15061964033,Gerente de Eventos Esportivos
34225265799,Coordenador de Atividades Esportivas
40017263511,Professor de Natação
83554876999,Especialista em Medicina Esportiva
59778920988,Instrutor de Musculação
44074773777,Nutricionista Esportivo
83283767411,Analista de Performance
66387774599,Supervisor de Recreação
46946522900,Psicólogo Esportivo
53264527588,Técnico de Vôlei
32228031533,Coordenador de Atividades Esportivas
32019031088,Coordenador de Atividades Esportivas
71902763944,Psicólogo Esportivo
37864532500,Psicólogo Esportivo
31695970000,Psicólogo Esportivo
87423059344,Fisioterapeuta
70185347711,Treinador de Atletismo
90865861988,Monitores de Atividades Recreativas
85851245711,Especialista em Medicina Esportiva
60888940088,Técnico de Futebol
43471831788,Psicólogo Esportivo
23708138222,Gerente de Eventos Esportivos
24084306311,Fisioterapeuta
30677137100,Professor de Yoga ou Pilates
63939912833,Técnico de Vôlei
80465475577,Técnico de Vôlei
47587404299,Professor de Yoga ou Pilates
78353432900,Analista de Performance
41331383500,Coordenador de Atividades Esportivas
49041377366,Gerente de Eventos Esportivos
98050632833,Gerente de Eventos Esportivos
92529725100,Administrador de Ginásio
66206665900,Gerente de Eventos Esportivos
81931104711,Fisioterapeuta
62266789844,Coordenador de Atividades Esportivas
52312592177,Administrador de Ginásio
77924603122,Técnico de Futebol
89531151599,Especialista em Medicina Esportiva
66594138800,Nutricionista Esportivo
11011302022,Técnico de Vôlei
88490269944,Analista de Performance
52095538177,Especialista em Medicina Esportiva
87863605822,Gerente de Eventos Esportivos
14280179255,Coordenador de Atividades Esportivas
89091952311,Professor de Natação
89264452599,Instrutor de Musculação
29627808811,Técnico de Vôlei
25988558411,Professor de Yoga ou Pilates
77219739100,Psicólogo Esportivo
39735482000,Preparador Físico
69376883266,Treinador de Atletismo
14488731699,Técnico de Futebol
87564261433,Fisioterapeuta
94132662122,Coordenador de Atividades Esportivas
54767637755,Supervisor de Recreação
37705839499,Coordenador de Atividades Esportivas
66450453288,Professor de Educação Física
34124922644,Psicólogo Esportivo
74729060000,Monitores de Atividades Recreativas
98850148888,Gerente de Eventos Esportivos
59889404477,Administrador de Ginásio
69928778011,Técnico de Futebol
64807753844,Preparador Físico
52783545344,Especialista em Medicina Esportiva
43848732477,Instrutor de Musculação
49672711111,Fisioterapeuta
97615734600,Professor de Natação
43413991522,Assistente de Reabilitação Física
74818545999,Nutricionista Esportivo
82905572300,Assistente de Reabilitação Física
39760922744,Monitores de Atividades Recreativas
11363353077,Analista de Performance
69646899155,Psicólogo Esportivo
92524114455,Fisioterapeuta
20637260355,Coordenador de Atividades Esportivas
62171964688,Professor de Yoga ou Pilates
65017425877,Preparador Físico
77536121077,Especialista em Medicina Esportiva
50986021811,Psicólogo Esportivo
20463568299,Técnico de Vôlei
80068944422,Coordenador de Atividades Esportivas
73552866844,Coordenador de Atividades Esportivas
29030437600,Gerente de Eventos Esportivos
25730852100,Preparador Físico
45588751933,Gestor de Programas Esportivos
44693218266,Professor de Natação
45146443744,Professor de Natação
89432811299,Coordenador de Atividades Esportivas
51627814288,Nutricionista Esportivo
19086160400,Preparador Físico
87836590722,Analista de Performance
28359086922,Gestor de Programas Esportivos
51944648788,Administrador de Ginásio
77083986066,Técnico de Futebol
43237830511,Instrutor de Musculação
44912822777,Monitores de Atividades Recreativas
56977220877,Assistente de Reabilitação Física
39844244777,Assistente de Reabilitação Física
30331155511,Professor de Natação
93015510477,Gerente de Eventos Esportivos
58822319300,Preparador Físico
75749025422,Monitores de Atividades Recreativas
20507679277,Psicólogo Esportivo
30080885700,Preparador Físico
89450114477,Gerente de Eventos Esportivos
25917837055,Assistente de Reabilitação Física
47785917633,Gestor de Programas Esportivos
61338431444,Professor de Educação Física
95600431377,Coordenador de Atividades Esportivas
75969515622,Coordenador de Atividades Esportivas
68028919566,Gestor de Programas Esportivos
64370930488,Assistente de Reabilitação Física
44670984611,Professor de Natação
85106613911,Especialista em Medicina Esportiva
15534534922,Monitores de Atividades Recreativas
14195592300,Supervisor de Recreação
20551550677,Técnico de Futebol
96092160566,Nutricionista Esportivo
46843231533,Monitores de Atividades Recreativas
54658330922,Psicólogo Esportivo
47802626588,Assistente de Reabilitação Física
58480075600,Preparador Físico
51110568400,Treinador de Atletismo
28980159899,Coordenador de Atividades Esportivas
58215333411,Nutricionista Esportivo
38630955700,Coordenador de Atividades Esportivas
59119962355,Supervisor de Recreação
45809086000,Treinador de Atletismo
20184277688,Especialista em Medicina Esportiva
30748789088,Psicólogo Esportivo
24886809822,Coordenador de Atividades Esportivas
65320140522,Técnico de Vôlei
97953173699,Professor de Yoga ou Pilates
99650481188,Administrador de Ginásio
18051746300,Técnico de Futebol
93634995299,Gestor de Programas Esportivos
41115269344,Técnico de Futebol
96786654177,Gerente de Eventos Esportivos
26081137700,Técnico de Futebol
29941485288,Técnico de Futebol
36026615122,Administrador de Ginásio
50193847555,Técnico de Vôlei
49052594877,Técnico de Futebol
40914200100,Professor de Natação
73426168500,Professor de Yoga ou Pilates
62072654166,Supervisor de Recreação
67854991277,Instrutor de Musculação
53347790355,Treinador de Atletismo
28608477233,Especialista em Medicina Esportiva
96942272911,Gerente de Eventos Esportivos
77632927333,Professor de Yoga ou Pilates
53596353800,Fisioterapeuta
89085022899,Nutricionista Esportivo
83700242033,Nutricionista Esportivo
54297131399,Coordenador de Atividades Esportivas
62119567388,Administrador de Ginásio
55088170344,Psicólogo Esportivo
13967042133,Professor de Yoga ou Pilates
60492590200,Administrador de Ginásio
56924802200,Coordenador de Atividades Esportivas
53275720800,Coordenador de Atividades Esportivas
72490338755,Nutricionista Esportivo
46320471044,Assistente de Reabilitação Física
47303276400,Professor de Educação Física
22682570700,Professor de Natação
38506549311,Coordenador de Atividades Esportivas
22396045144,Gerente de Eventos Esportivos
58901089566,Fisioterapeuta
51559557266,Treinador de Atletismo
69885941088,Preparador Físico
48974248366,Coordenador de Atividades Esportivas
33893348822,Especialista em Medicina Esportiva
85350103355,Fisioterapeuta
51019319855,Treinador de Atletismo
37360739177,Instrutor de Musculação
89578665744,Técnico de Vôlei
99892619700,Professor de Educação Física
31806425133,Coordenador de Atividades Esportivas
64426870077,Preparador Físico
60236737755,Instrutor de Musculação
26894540255,Assistente de Reabilitação Física
72544655400,Professor de Educação Física
54561333344,Administrador de Ginásio
42581154522,Professor de Yoga ou Pilates
22835450488,Treinador de Atletismo
78410876244,Especialista em Medicina Esportiva
22026758688,Gerente de Eventos Esportivos
32285320977,Monitores de Atividades Recreativas
63846320399,Monitores de Atividades Recreativas
35701079900,Gestor de Programas Esportivos
22912570300,Técnico de Futebol
20713098477,Professor de Natação
12321793299,Assistente de Reabilitação Física
44000481955,Instrutor de Musculação
78468647777,Nutricionista Esportivo
47519734444,Treinador de Atletismo
70095800222,Professor de Natação
60127355022,Coordenador de Atividades Esportivas
92620541499,Técnico de Futebol
60142232744,Coordenador de Atividades Esportivas
37018607933,Instrutor de Musculação
18533663311,Preparador Físico
69930980833,Assistente de Reabilitação Física
76991058699,Técnico de Futebol
28980887733,Gerente de Eventos Esportivos
73854981599,Técnico de Futebol
76553703700,Preparador Físico
53688704777,Especialista em Medicina Esportiva
81296681577,Treinador de Atletismo
76093470511,Gerente de Eventos Esportivos
66298555900,Professor de Educação Física
19551329688,Professor de Natação
16453531255,Professor de Yoga ou Pilates
75564451788,Especialista em Medicina Esportiva
69592604500,Professor de Educação Física
66374387400,Assistente de Reabilitação Física
38150258933,Gestor de Programas Esportivos
99871013800,Gestor de Programas Esportivos
12630403733,Analista de Performance
61908588211,Gestor de Programas Esportivos
72236457844,Gestor de Programas Esportivos
75445918677,Coordenador de Atividades Esportivas
82300499988,Professor de Yoga ou Pilates
81973143066,Monitores de Atividades Recreativas
95759252033,Preparador Físico
46736948999,Professor de Natação
20994034222,Gestor de Programas Esportivos
69952674944,Analista de Performance
85035340533,Psicólogo Esportivo
93262757288,Supervisor de Recreação
22236035055,Gestor de Programas Esportivos
32286963755,Coordenador de Atividades Esportivas
86719587600,Administrador de Ginásio
19513363644,Nutricionista Esportivo
40879369022,Fisioterapeuta
45723190499,Instrutor de Musculação
50139032622,Nutricionista Esportivo
68966474777,Especialista em Medicina Esportiva
93605132377,Professor de Natação
31310561777,Treinador de Atletismo
80715073699,Monitores de Atividades Recreativas
90049686288,Professor de Yoga ou Pilates
11954274922,Técnico de Vôlei
29659918088,Administrador de Ginásio
78776808300,Fisioterapeuta
49017781611,Gerente de Eventos Esportivos
95780498899,Especialista em Medicina Esportiva
23886339744,Preparador Físico
16047085499,Professor de Natação
48639382500,Supervisor de Recreação
53015386244,Treinador de Atletismo
37576633655,Preparador Físico
62568909144,Técnico de Futebol
77363638388,Coordenador de Atividades Esportivas
80302795744,Assistente de Reabilitação Física
78252324533,Monitores de Atividades Recreativas
12346906088,Preparador Físico
90558507133,Professor de Natação
93518421933,Técnico de Futebol
90649628988,Gerente de Eventos Esportivos
68924892300,Assistente de Reabilitação Física
32056761577,Coordenador de Atividades Esportivas
31363207000,Técnico de Vôlei
90337353000,Instrutor de Musculação
97231281600,Gerente de Eventos Esportivos
80914756911,Especialista em Medicina Esportiva
80114656600,Treinador de Atletismo
35248920600,Treinador de Atletismo
93465701133,Professor de Yoga ou Pilates
57265059800,Professor de Educação Física
35627369911,Especialista em Medicina Esportiva
13683383488,Professor de Natação
68894067966,Supervisor de Recreação
45030425211,Preparador Físico
62564283400,Gestor de Programas Esportivos
36332837144,Técnico de Vôlei
50418922888,Fisioterapeuta
43070475599,Gerente de Eventos Esportivos
64940723133,Professor de Yoga ou Pilates
63710146099,Preparador Físico
87320137799,Professor de Yoga ou Pilates
65388912255,Professor de Educação Física
96347765233,Professor de Natação
33910980666,Nutricionista Esportivo
31957079500,Analista de Performance
65321523666,Professor de Educação Física
63658867800,Administrador de Ginásio
14806642944,Coordenador de Atividades Esportivas
98873380011,Técnico de Vôlei
23845888777,Técnico de Futebol
72997027466,Assistente de Reabilitação Física
96856825344,Professor de Educação Física
88284838144,Psicólogo Esportivo
16610245722,Instrutor de Musculação
19835282266,Gerente de Eventos Esportivos
56075096999,Professor de Educação Física
39679119777,Especialista em Medicina Esportiva
44223654600,Monitores de Atividades Recreativas
45835837022,Professor de Natação
10209644055,Administrador de Ginásio
48391768688,Coordenador de Atividades Esportivas
99617737566,Técnico de Vôlei
36063672877,Gerente de Eventos Esportivos
60888140399,Treinador de Atletismo
83921651011,Professor de Yoga ou Pilates
61998087200,Professor de Educação Física
96900810988,Técnico de Futebol
46137167999,Fisioterapeuta
88756836111,Analista de Performance
68660007000,Professor de Educação Física
29980504411,Professor de Educação Física
60303879288,Professor de Yoga ou Pilates
90052769322,Professor de Natação
66551458211,Técnico de Futebol
21960917400,Administrador de Ginásio
43814327111,Monitores de Atividades Recreativas
20441369299,Instrutor de Musculação
84255731900,Professor de Natação
81301415900,Administrador de Ginásio
30898930299,Professor de Yoga ou Pilates
16045607033,Treinador de Atletismo
54691140900,Técnico de Futebol
44239447233,Fisioterapeuta
36528988855,Analista de Performance
54654703566,Professor de Natação
95976224166,Gerente de Eventos Esportivos
48217785055,Preparador Físico
12870763277,Professor de Educação Física
72372559244,Gerente de Eventos Esportivos
60614338911,Coordenador de Atividades Esportivas
21895925344,Analista de Performance
83555595844,Monitores de Atividades Recreativas
65319379122,Gestor de Programas Esportivos
40157654944,Preparador Físico
24524765799,Coordenador de Atividades Esportivas
39849466433,Administrador de Ginásio
12014998011,Técnico de Futebol
70636106433,Psicólogo Esportivo
26806660977,Treinador de Atletismo
93760829822,Treinador de Atletismo
20545736633,Supervisor de Recreação
40150906599,Monitores de Atividades Recreativas
73905457200,Professor de Yoga ou Pilates
45945292088,Técnico de Futebol
77682339800,Especialista em Medicina Esportiva
96514121355,Preparador Físico
81523845855,Fisioterapeuta
38080621000,Administrador de Ginásio
14910749577,Administrador de Ginásio
71100319266,Treinador de Atletismo
84145883799,Administrador de Ginásio
34213658900,Instrutor de Musculação
21450520466,Psicólogo Esportivo
79454003455,Treinador de Atletismo
60991877233,Supervisor de Recreação
12674839388,Preparador Físico
87259079488,Técnico de Vôlei
22813992655,Preparador Físico
37668647000,Supervisor de Recreação
72027123777,Psicólogo Esportivo
71076603144,Professor de Natação
35234146366,Técnico de Vôlei
34654274244,Preparador Físico
21697392700,Técnico de Vôlei
99131711211,Nutricionista Esportivo
40791641811,Gestor de Programas Esportivos
69381080999,Professor de Educação Física
35144652744,Professor de Natação
55741470411,Supervisor de Recreação
33498980177,Psicólogo Esportivo
55039792733,Técnico de Vôlei
41647020600,Instrutor de Musculação
79034224722,Assistente de Reabilitação Física
74514333077,Gerente de Eventos Esportivos
22283868477,Técnico de Vôlei
77770110733,Professor de Educação Física
96339685000,Técnico de Futebol
67759404166,Monitores de Atividades Recreativas
35142936944,Professor de Yoga ou Pilates
28957853500,Coordenador de Atividades Esportivas
50339755955,Técnico de Futebol
85396302900,Gerente de Eventos Esportivos
68413541922,Técnico de Vôlei
11701137611,Analista de Performance
93796834133,Assistente de Reabilitação Física
89101398033,Fisioterapeuta
74102826577,Treinador de Atletismo
16266006511,Treinador de Atletismo
14753317977,Psicólogo Esportivo
33512914777,Fisioterapeuta
68881316533,Psicólogo Esportivo
51101364677,Técnico de Vôlei
44296100377,Treinador de Atletismo
68151379888,Supervisor de Recreação
60094397011,Treinador de Atletismo
39905900066,Professor de Educação Física
17054080955,Treinador de Atletismo
39029625855,Gerente de Eventos Esportivos
33702138000,Técnico de Futebol
83934575300,Professor de Yoga ou Pilates
56970877999,Coordenador de Atividades Esportivas
75305493244,Nutricionista Esportivo
28717640266,Treinador de Atletismo
53765767877,Coordenador de Atividades Esportivas
98285277822,Especialista em Medicina Esportiva
77518859477,Administrador de Ginásio
55843267477,Gerente de Eventos Esportivos
41788107400,Preparador Físico
42374650122,Gestor de Programas Esportivos
99549221999,Professor de Natação
52168267699,Professor de Natação
84755199622,Gerente de Eventos Esportivos
78241330877,Monitores de Atividades Recreativas
40407639200,Treinador de Atletismo
38526966900,Professor de Natação
81355879299,Professor de Natação
90424237499,Técnico de Futebol
36058828700,Professor de Natação
20274086733,Supervisor de Recreação
97018502200,Assistente de Reabilitação Física
17816666288,Professor de Natação
78233650655,Assistente de Reabilitação Física
40834717277,Técnico de Futebol
74205990255,Coordenador de Atividades Esportivas
48685713033,Gestor de Programas Esportivos
54041996600,Técnico de Futebol
80967538277,Instrutor de Musculação
54888535700,Professor de Educação Física
21474988155,Fisioterapeuta
52211195366,Instrutor de Musculação
38866792688,Psicólogo Esportivo
62004972066,Professor de Natação
69163572311,Preparador Físico
32192432588,Nutricionista Esportivo
52546297544,Treinador de Atletismo
89142891255,Professor de Educação Física
96810242499,Coordenador de Atividades Esportivas
41925182366,Técnico de Vôlei
65188946522,Gerente de Eventos Esportivos
37127952388,Técnico de Vôlei
20435677133,Supervisor de Recreação
26247499699,Nutricionista Esportivo
80148842488,Assistente de Reabilitação Física
69660532011,Técnico de Vôlei
19553962644,Psicólogo Esportivo
60281702088,Psicólogo Esportivo
35343916322,Analista de Performance
99610320122,Instrutor de Musculação
86856724222,Técnico de Futebol
94015438288,Assistente de Reabilitação Física
63429973900,Professor de Educação Física
89631463088,Administrador de Ginásio
81045964466,Gerente de Eventos Esportivos
93663426399,Assistente de Reabilitação Física
84396591055,Administrador de Ginásio
39193445455,Psicólogo Esportivo
57017498944,Administrador de Ginásio
32941585800,Monitores de Atividades Recreativas
64678394477,Psicólogo Esportivo
52251883622,Fisioterapeuta
63653690422,Gerente de Eventos Esportivos
73255329200,Analista de Performance
93946567155,Psicólogo Esportivo
47492246266,Gestor de Programas Esportivos
24306229477,Treinador de Atletismo
92841339200,Preparador Físico
44618356855,Gerente de Eventos Esportivos
62853375944,Treinador de Atletismo
10817334466,Preparador Físico
59680294399,Monitores de Atividades Recreativas
40877649822,Professor de Educação Física
63243712555,Analista de Performance
64957519900,Instrutor de Musculação
28983904377,Gerente de Eventos Esportivos
96112751455,Assistente de Reabilitação Física
61978662000,Técnico de Futebol
89510869411,Monitores de Atividades Recreativas
34483239266,Gestor de Programas Esportivos
74171366644,Técnico de Futebol
28530518977,Fisioterapeuta
74519726666,Administrador de Ginásio
40986040000,Nutricionista Esportivo
70560844866,Preparador Físico
22296671811,Assistente de Reabilitação Física
72728276611,Gestor de Programas Esportivos
70909977400,Coordenador de Atividades Esportivas
89535613455,Psicólogo Esportivo
32112383366,Técnico de Vôlei
11617243700,Instrutor de Musculação
15091011799,Instrutor de Musculação
47015037466,Professor de Yoga ou Pilates
58020646411,Psicólogo Esportivo
40731208166,Especialista em Medicina Esportiva
27277076499,Preparador Físico
67722563100,Instrutor de Musculação
69300104300,Administrador de Ginásio
40828822866,Administrador de Ginásio
19973371699,Professor de Educação Física
16633313322,Supervisor de Recreação
65681111633,Preparador Físico
20604218377,Professor de Educação Física
83710774911,Coordenador de Atividades Esportivas
35992504133,Professor de Educação Física
32394342455,Gerente de Eventos Esportivos
34806381200,Nutricionista Esportivo
18751452733,Fisioterapeuta
29017906400,Professor de Educação Física
20241863788,Especialista em Medicina Esportiva
25701508277,Professor de Yoga ou Pilates
30369718155,Fisioterapeuta
87479622322,Psicólogo Esportivo
17955509611,Gerente de Eventos Esportivos
14254375400,Professor de Yoga ou Pilates
82508582988,Administrador de Ginásio
88067802711,Assistente de Reabilitação Física
87850141255,Fisioterapeuta
77953996144,Coordenador de Atividades Esportivas
64426954688,Professor de Yoga ou Pilates
93151213411,Coordenador de Atividades Esportivas
72398917122,Monitores de Atividades Recreativas
45893738233,Nutricionista Esportivo
34955157200,Coordenador de Atividades Esportivas
64337276466,Técnico de Futebol
25086393700,Professor de Yoga ou Pilates
58367202155,Gerente de Eventos Esportivos
81151711588,Coordenador de Atividades Esportivas
80095103866,Preparador Físico
19487632499,Psicólogo Esportivo
28009505799,Treinador de Atletismo
71955146500,Supervisor de Recreação
92581045288,Assistente de Reabilitação Física
13693551222,Técnico de Futebol
40894269799,Gerente de Eventos Esportivos
95432132677,Monitores de Atividades Recreativas
71177724099,Professor de Educação Física
90264013299,Instrutor de Musculação
94286117355,Instrutor de Musculação
34652567866,Gestor de Programas Esportivos
55521234177,Professor de Natação
99217231899,Técnico de Vôlei
15681306199,Professor de Yoga ou Pilates
79629362155,Monitores de Atividades Recreativas
45498853355,Supervisor de Recreação
83297914833,Treinador de Atletismo
56148408422,Técnico de Vôlei
81338864900,Professor de Yoga ou Pilates
68561261311,Assistente de Reabilitação Física
58225801577,Supervisor de Recreação
47196960311,Nutricionista Esportivo
76288446933,Gerente de Eventos Esportivos
78341031133,Assistente de Reabilitação Física
55229620466,Professor de Yoga ou Pilates
47882444111,Professor de Yoga ou Pilates
98161894888,Preparador Físico
59902405388,Professor de Yoga ou Pilates
85252556455,Técnico de Vôlei
43569803100,Psicólogo Esportivo
54581125399,Professor de Yoga ou Pilates
80892514044,Psicólogo Esportivo
22972176255,Monitores de Atividades Recreativas
41556403500,Assistente de Reabilitação Física
20745488000,Fisioterapeuta
37105314700,Administrador de Ginásio
87213766544,Preparador Físico
24925751011,Assistente de Reabilitação Física
42754429977,Administrador de Ginásio
82471338222,Professor de Educação Física
32761220222,Supervisor de Recreação
20411307922,Gestor de Programas Esportivos
79083302155,Professor de Yoga ou Pilates
73634267833,Professor de Educação Física
50066133788,Professor de Educação Física
53153015599,Assistente de Reabilitação Física
24152732522,Técnico de Futebol
31322660866,Especialista em Medicina Esportiva
90080503666,Professor de Educação Física
83546362677,Preparador Físico
35451223011,Supervisor de Recreação
25510691300,Gestor de Programas Esportivos
84496750499,Analista de Performance
12470648244,Treinador de Atletismo
31088740988,Técnico de Vôlei
22298707855,Psicólogo Esportivo
81611015822,Gerente de Eventos Esportivos
96292858199,Analista de Performance
50007227600,Fisioterapeuta
43521852722,Supervisor de Recreação
27662238866,Técnico de Vôlei
47730663855,Nutricionista Esportivo
58525000033,Gerente de Eventos Esportivos
34345194088,Psicólogo Esportivo
40111983400,Professor de Yoga ou Pilates
29132779188,Fisioterapeuta
34791788477,Gestor de Programas Esportivos
11530511500,Fisioterapeuta
26114822688,Professor de Natação
33446387699,Professor de Educação Física
13920080500,Professor de Yoga ou Pilates
98890357400,Técnico de Vôlei
29591887566,Professor de Educação Física
78172263699,Fisioterapeuta
87042002255,Técnico de Futebol
96196822466,Fisioterapeuta
98496679588,Técnico de Vôlei
11562380999,Técnico de Futebol
42968430522,Professor de Yoga ou Pilates
94602581588,Professor de Yoga ou Pilates
27368688388,Gerente de Eventos Esportivos
88711031300,Assistente de Reabilitação Física
28485324244,Fisioterapeuta
48338264533,Psicólogo Esportivo
63696402477,Analista de Performance
88825657422,Psicólogo Esportivo
27946635344,Psicólogo Esportivo
54991633599,Professor de Natação
79934034055,Professor de Yoga ou Pilates
41923472022,Especialista em Medicina Esportiva
63466272100,Técnico de Vôlei
44128201222,Psicólogo Esportivo
24783426188,Nutricionista Esportivo
99860387744,Preparador Físico
44446030466,Psicólogo Esportivo
22323721388,Gestor de Programas Esportivos
43256023211,Analista de Performance
28590288466,Analista de Performance
75303923100,Técnico de Vôlei
20825311555,Técnico de Vôlei
76024713699,Gestor de Programas Esportivos
65375095488,Administrador de Ginásio
19030831688,Nutricionista Esportivo
71633191000,Gestor de Programas Esportivos
92745269466,Assistente de Reabilitação Física
39057559122,Gestor de Programas Esportivos
17037374233,Assistente de Reabilitação Física
68455489355,Preparador Físico
94216243866,Fisioterapeuta
78284203233,Analista de Performance
57385051900,Nutricionista Esportivo
90217745000,Gerente de Eventos Esportivos
98802408988,Gestor de Programas Esportivos
78744926177,Supervisor de Recreação
96401106399,Instrutor de Musculação
44876744411,Especialista em Medicina Esportiva
42688005733,Professor de Natação
89684342800,Especialista em Medicina Esportiva
82823543688,Treinador de Atletismo
69761397100,Professor de Yoga ou Pilates
86929095300,Gestor de Programas Esportivos
73150230111,Professor de Educação Física
77922175744,Coordenador de Atividades Esportivas
69528458877,Fisioterapeuta
85341560188,Monitores de Atividades Recreativas
21259961544,Analista de Performance
17193900455,Técnico de Vôlei
41821179644,Analista de Performance
68456105688,Supervisor de Recreação
34633228466,Nutricionista Esportivo
58770486511,Monitores de Atividades Recreativas
77706220777,Administrador de Ginásio
84572019055,Professor de Educação Física
91174500633,Supervisor de Recreação
83852652100,Administrador de Ginásio
93538600833,Administrador de Ginásio
50415676388,Psicólogo Esportivo
86536604377,Professor de Natação
25343756955,Fisioterapeuta
63069802888,Supervisor de Recreação
82195501044,Psicólogo Esportivo
12140432833,Assistente de Reabilitação Física
96645193088,Coordenador de Atividades Esportivas
72936585833,Técnico de Vôlei
43475309000,Professor de Yoga ou Pilates
82171386300,Professor de Educação Física
92325616622,Preparador Físico
90112885211,Monitores de Atividades Recreativas
25875677344,Fisioterapeuta
86123956666,Nutricionista Esportivo
73748483900,Fisioterapeuta
58052779722,Coordenador de Atividades Esportivas
76255239188,Gerente de Eventos Esportivos
40866312100,Fisioterapeuta
66473009100,Técnico de Futebol
47750675322,Administrador de Ginásio
54269576900,Gerente de Eventos Esportivos
66832334200,Preparador Físico
71659287155,Professor de Educação Física
26100671433,Administrador de Ginásio
44578756000,Especialista em Medicina Esportiva
64916469477,Técnico de Futebol
79517004799,Técnico de Vôlei
32163536300,Técnico de Futebol
37695716811,Coordenador de Atividades Esportivas
79969976088,Técnico de Vôlei
67790055500,Especialista em Medicina Esportiva
72476278677,Administrador de Ginásio
69240787700,Assistente de Reabilitação Física
76330138933,Técnico de Vôlei
47543073488,Supervisor de Recreação
77649742500,Psicólogo Esportivo
48782536577,Gestor de Programas Esportivos
79841901433,Psicólogo Esportivo
58909341988,Gerente de Eventos Esportivos
96142382322,Professor de Yoga ou Pilates
20292225500,Gerente de Eventos Esportivos
82993570555,Supervisor de Recreação
55769729377,Administrador de Ginásio
62104806088,Técnico de Vôlei
40892240555,Treinador de Atletismo
93494978911,Técnico de Vôlei
55381302900,Professor de Educação Física
12518470566,Especialista em Medicina Esportiva
13886373911,Preparador Físico
34620631899,Professor de Educação Física
47857511699,Técnico de Futebol
79152747088,Especialista em Medicina Esportiva
79865015377,Técnico de Futebol
32566664777,Técnico de Vôlei
57672728244,Especialista em Medicina Esportiva
34978278355,Fisioterapeuta
82766172711,Instrutor de Musculação
45765491388,Fisioterapeuta
47741143599,Analista de Performance
80048484199,Professor de Educação Física
91462871677,Preparador Físico
55603412900,Técnico de Vôlei
28611721266,Administrador de Ginásio
23945514966,Técnico de Vôlei
49944840155,Monitores de Atividades Recreativas
55192853900,Gestor de Programas Esportivos
15219214155,Assistente de Reabilitação Física
75938807611,Fisioterapeuta
44137783755,Professor de Yoga ou Pilates
74401691744,Gestor de Programas Esportivos
89516596400,Fisioterapeuta
93763443244,Instrutor de Musculação
97582348899,Técnico de Futebol
96740655633,Preparador Físico
76882157222,Especialista em Medicina Esportiva
67492891188,Técnico de Vôlei
47304078900,Técnico de Futebol
96715009866,Fisioterapeuta
62277251022,Gestor de Programas Esportivos
48739657211,Gestor de Programas Esportivos
14372698188,Instrutor de Musculação
47612792655,Professor de Yoga ou Pilates
75348236333,Técnico de Vôlei
57821339966,Preparador Físico
25293272033,Técnico de Futebol
13667422577,Professor de Natação
75985726155,Gerente de Eventos Esportivos
15114118644,Coordenador de Atividades Esportivas
37739047899,Técnico de Vôlei
45354282122,Treinador de Atletismo
16653958266,Nutricionista Esportivo
12167743155,Fisioterapeuta
76665250522,Coordenador de Atividades Esportivas
75178992100,Administrador de Ginásio
66699219777,Analista de Performance
15616113444,Professor de Yoga ou Pilates
79648732611,Especialista em Medicina Esportiva
96940537300,Instrutor de Musculação
59840117866,Assistente de Reabilitação Física
19307952899,Nutricionista Esportivo
10995055500,Administrador de Ginásio
30553966266,Psicólogo Esportivo
12480992144,Supervisor de Recreação
12500059900,Gerente de Eventos Esportivos
27085658855,Fisioterapeuta
52156283277,Nutricionista Esportivo
90759885599,Instrutor de Musculação
79761783933,Analista de Performance
98814146100,Nutricionista Esportivo
81765511711,Professor de Yoga ou Pilates
86566081000,Gerente de Eventos Esportivos
38068126322,Assistente de Reabilitação Física
74474499033,Psicólogo Esportivo
30064980200,Técnico de Futebol
26271376977,Monitores de Atividades Recreativas
40724444211,Treinador de Atletismo
17627170188,Supervisor de Recreação
27957548866,Gerente de Eventos Esportivos
13840078066,Instrutor de Musculação
63870544511,Fisioterapeuta
58233432211,Administrador de Ginásio
88887014511,Assistente de Reabilitação Física
57140198900,Supervisor de Recreação
56193837766,Monitores de Atividades Recreativas
69200085722,Monitores de Atividades Recreativas
18444255766,Gestor de Programas Esportivos
62632883888,Coordenador de Atividades Esportivas
20684288222,Psicólogo Esportivo
79977549700,Técnico de Futebol
38241378522,Especialista em Medicina Esportiva
65795630011,Professor de Yoga ou Pilates
37537438955,Professor de Educação Física
87958714544,Psicólogo Esportivo
44970901755,Administrador de Ginásio
67889575500,Técnico de Futebol
34768303300,Treinador de Atletismo
59788639544,Especialista em Medicina Esportiva
59966276555,Professor de Yoga ou Pilates
49752807522,Psicólogo Esportivo
24371361266,Analista de Performance
41520344911,Especialista em Medicina Esportiva
46462311400,Técnico de Futebol
81916719566,Técnico de Vôlei
62970103400,Analista de Performance
58911446899,Psicólogo Esportivo
33780382500,Instrutor de Musculação
73621690355,Fisioterapeuta
11659669722,Gerente de Eventos Esportivos
94810617288,Psicólogo Esportivo
79795732188,Analista de Performance
95487798977,Supervisor de Recreação
40434772444,Coordenador de Atividades Esportivas
46354307744,Gestor de Programas Esportivos
64770059133,Gestor de Programas Esportivos
19111064300,Monitores de Atividades Recreativas
47017396422,Psicólogo Esportivo
40547634211,Especialista em Medicina Esportiva
20404010755,Preparador Físico
53839508777,Fisioterapeuta
12371614366,Técnico de Futebol
21394446633,Treinador de Atletismo
57781265811,Gestor de Programas Esportivos
29581561333,Gestor de Programas Esportivos
56250330133,Professor de Natação
21996443755,Coordenador de Atividades Esportivas
14327264555,Técnico de Vôlei
47711928477,Professor de Educação Física
46496909355,Preparador Físico
24428287077,Supervisor de Recreação
54301461022,Gerente de Eventos Esportivos
70210767033,Psicólogo Esportivo
83623461911,Fisioterapeuta
64511255399,Instrutor de Musculação
72414037899,Monitores de Atividades Recreativas
36230468922,Nutricionista Esportivo
42901280766,Professor de Natação
49121627288,Técnico de Futebol
22153501566,Técnico de Vôlei
66209173566,Especialista em Medicina Esportiva
93528692655,Gestor de Programas Esportivos
