CPF,NOME,EMAIL,CELULAR,DATA_NASCIMENTO
42264054633,Yasmin Castro,wmoraes@example.com,(11) 99320-9004,1994-01-10
27858635266,Gael Moura,pachecoaurora@example.org,(11) 98500-8185,1960-06-26
55067308022,Breno da Mota,joana14@example.net,(11) 97755-1079,1972-02-26
72017119200,Rael Barros,rafaelamoraes@example.com,(11) 95410-3577,1974-12-14
60679870233,Caleb da Mota,cecilia56@example.com,(11) 92522-2321,1965-03-01
62641928300,Dr. Ravi Lucca Pimenta,jesuseloah@example.net,(11) 94701-7002,2002-07-07
17396523711,Ana Beatriz Barros,fmacedo@example.org,(11) 92154-5316,1955-10-19
50834623700,Sr. Antony Aragão,cecilia51@example.com,(11) 99735-3126,1987-04-15
67003337411,Olivia Leão,gsiqueira@example.net,(11) 94351-6107,1950-01-15
25693405888,Enzo Correia,da-cunhaclara@example.org,(11) 93546-5321,1976-08-04
98085552177,Benício Castro,luizabrito@example.net,(11) 92206-1444,1992-03-11
55855505866,Aylla Garcia,zoe63@example.net,(11) 99185-3581,1968-07-08
71889114100,Dra. Valentina Cavalcante,ramosisabela@example.net,(11) 97240-5249,1955-06-16
80976830088,Eduarda da Cruz,gcavalcante@example.net,(11) 95086-4774,1993-05-16
90478013000,Isabel Cavalcanti,salesluiz-otavio@example.net,(11) 99991-4256,1984-05-24
91029356000,Mirella Brito,jadearaujo@example.org,(11) 95357-7071,1967-01-10
19958630411,Luiz Henrique Cirino,pedro-henrique99@example.com,(11) 99873-2114,1958-09-20
95828494877,Ana Barbosa,omoura@example.net,(11) 91400-5650,1977-03-12
65789302722,Liz Freitas,apereira@example.org,(11) 92620-5488,1946-05-21
74281354866,Ágatha Pimenta,melina70@example.org,(11) 99753-8437,1995-03-22
29976359000,Dr. Liam Sousa,costelamaria@example.org,(11) 93405-7815,1968-01-15
71280438299,Vitor Casa Grande,qribeiro@example.org,(11) 97402-8135,1956-05-05
61771615377,Breno Araújo,joao-guilhermecirino@example.net,(11) 98057-4323,1954-01-08
53703804655,Ana Cavalcanti,guilhermerocha@example.net,(11) 98339-6401,1979-06-28
30880958544,Isabella Viana,nascimentomaria-flor@example.org,(11) 99285-7379,1983-07-30
91350393377,Dr. Vitor Ferreira,luccafonseca@example.org,(11) 95758-6225,1956-09-26
31106704377,Ana Laura Fernandes,elisa89@example.com,(11) 94414-3962,1999-02-24
92779140099,Eloah Campos,hadassacasa-grande@example.net,(11) 94132-5538,1986-04-24
96780914455,Matteo Ferreira,pedro-henriquebarbosa@example.org,(11) 98505-8390,1995-12-30
25295653688,Camila Pimenta,rezendegabriela@example.com,(11) 96345-3117,1973-07-30
85761037533,Liz Costa,daniela61@example.com,(11) 91963-1244,1972-08-07
61336131577,Marina Fonseca,enrico95@example.net,(11) 98658-9009,2000-06-03
81730698755,Srta. Sarah Moraes,casa-grandejade@example.org,(11) 96192-6797,1946-07-06
50640748911,Maria Clara Melo,andre84@example.net,(11) 99517-8730,1977-04-06
92685283122,Kevin Correia,livia48@example.com,(11) 98931-6509,1946-06-06
70243966522,Sr. Gael Henrique Martins,livia93@example.org,(11) 91801-4722,1951-09-23
92736572577,Erick Pimenta,bmoura@example.net,(11) 99820-5658,1974-03-05
37696149177,Sra. Heloisa Monteiro,mcassiano@example.net,(11) 97237-5734,1996-01-05
90257603500,Brenda Cardoso,vianalais@example.net,(11) 97098-9734,1945-03-13
32584953788,Kamilly Vargas,rmoreira@example.net,(11) 95947-6522,1985-08-31
32733742922,Zoe Ferreira,dalbuquerque@example.com,(11) 94921-1168,1946-11-18
12331734644,Bruna Ramos,sophialeao@example.com,(11) 93412-7413,1955-01-11
45387515888,Levi Sousa,antonella92@example.com,(11) 93781-4657,1979-06-30
93366545944,Valentim Ribeiro,lorena40@example.com,(11) 91600-2164,1989-04-02
28317464344,Lucas Moura,isaquealves@example.com,(11) 98038-5912,1980-04-09
81326451899,Mariana Correia,salesbenjamin@example.org,(11) 93772-6458,1979-04-06
99701477300,Sr. Vitor Gabriel Lima,mariane39@example.com,(11) 96068-9893,1993-03-05
24004214399,Júlia Vieira,anna-lizsa@example.com,(11) 93238-9660,1997-03-29
90828224400,Srta. Isabel Mendes,barbosaaugusto@example.com,(11) 92921-3369,1977-08-26
70889470566,João Pedro Barbosa,manuela92@example.net,(11) 96908-4479,1985-03-04
16128774600,Ester Cirino,gsilveira@example.org,(11) 94972-1217,1994-04-03
30445028700,Apollo Silva,framos@example.com,(11) 98264-3003,1966-06-01
16448244422,Rafaela Cassiano,fernandomoraes@example.org,(11) 95405-8580,1983-04-08
10257946644,Vinicius Casa Grande,melinada-luz@example.org,(11) 91511-9388,1948-02-13
22282897955,Arthur Gabriel da Mota,yurida-mota@example.net,(11) 99068-1318,1952-03-09
63514843833,Lucas das Neves,ana-sophia76@example.org,(11) 94650-9718,1979-03-13
62327695622,Bella Pastor,alicia04@example.net,(11) 93094-5394,1970-09-06
11289676855,Ana Júlia Dias,arthur-gabrielcassiano@example.net,(11) 95201-4922,2002-12-10
67921691299,Maria Cecília da Rosa,ana-livia27@example.net,(11) 97987-4715,1972-06-12
72623329455,Yasmin Farias,ana-sophiarocha@example.com,(11) 92127-5845,1968-06-30
30850651722,Dr. Théo Montenegro,zramos@example.com,(11) 98146-6077,1976-04-29
95410254711,Sr. Diogo Freitas,fbarbosa@example.org,(11) 95237-1600,2006-10-18
33129160899,Ana Luiza Ribeiro,da-motalevi@example.com,(11) 93917-9095,1993-06-03
38553694611,Dr. Leonardo Novais,gabriellydas-neves@example.org,(11) 98291-7752,1990-01-09
56264115855,Arthur Miguel Campos,samuelda-paz@example.org,(11) 91126-1922,1945-05-23
63387909644,Dom Mendonça,pachecomaria@example.net,(11) 94200-2146,1996-07-11
96452582433,Agatha Pereira,gpires@example.org,(11) 98953-3135,1971-10-12
73776262677,Levi Guerra,francisco67@example.org,(11) 93148-2644,1957-07-09
73122197722,Dr. Theo Pastor,siqueiraotto@example.org,(11) 92079-1604,1950-12-29
35060777322,Maria Julia Dias,henry-gabriel40@example.com,(11) 92125-3615,1951-05-23
67322496144,Esther da Cruz,paulo24@example.com,(11) 94508-1104,1962-03-10
38160587799,Sr. Igor Nunes,da-conceicaocatarina@example.net,(11) 93115-3086,1960-01-29
26729586455,Otto Cassiano,sda-mata@example.com,(11) 91249-5842,1953-03-10
49205930588,Ana Laura da Rosa,joao-vitor62@example.org,(11) 92668-7174,1999-10-10
45831675555,Rebeca Sousa,viniciusgoncalves@example.net,(11) 95005-8651,1983-08-28
62982018744,Ana Clara Vasconcelos,dom20@example.net,(11) 91782-6182,1992-07-23
65096301177,Maria Luísa Pimenta,da-mataantony@example.org,(11) 92094-6847,1967-08-10
55564374244,Fernanda Machado,gabriellyabreu@example.org,(11) 92093-1392,1974-11-24
43686506033,Heitor Nogueira,sofia96@example.net,(11) 93534-4108,1990-11-17
23847154455,Felipe Montenegro,ryansales@example.com,(11) 91365-9775,1953-11-21
21914601000,Matheus Pimenta,rioscalebe@example.com,(11) 94319-8450,1948-09-07
95184162066,Alexandre Silveira,satheo@example.com,(11) 99133-5242,1954-08-28
40625889600,Augusto Novais,josuedias@example.com,(11) 99436-9590,1990-06-21
16242350500,Maria Clara Ramos,marcos-viniciuscampos@example.com,(11) 99406-1567,1959-08-23
79228173711,Joana Campos,ravi-lucca64@example.com,(11) 96284-2044,1967-01-21
40856622288,Lucca Cunha,davi-lucas84@example.net,(11) 95672-8184,1984-11-03
60324025411,Sra. Maria Vitória Dias,murilo43@example.org,(11) 97707-8811,2005-11-29
55276206155,José Pedro Cavalcanti,novaisjuliana@example.org,(11) 91642-7433,1962-01-01
66345524522,Luigi Cunha,danielacarvalho@example.com,(11) 99342-3488,2000-12-06
97754601588,Bryan Abreu,isabelada-rocha@example.com,(11) 99558-6691,1980-06-05
27287183422,Isadora da Paz,luigi47@example.org,(11) 92434-4413,1949-08-31
31116725733,Kevin Casa Grande,apollodias@example.net,(11) 91255-5771,1990-02-07
24022125199,João Machado,jpeixoto@example.com,(11) 93208-9973,1946-11-10
49354199200,Letícia Cavalcante,aparecidadaniela@example.com,(11) 96933-8185,1951-09-22
20420120333,Stephany Ferreira,rafaelacavalcante@example.org,(11) 96893-6339,1962-05-25
78663618277,Luigi Alves,catarina29@example.com,(11) 91380-2121,1968-08-04
58135894222,Sr. Josué Correia,jesuslunna@example.net,(11) 96458-6773,1982-07-03
26640274411,Levi Vieira,ada-luz@example.com,(11) 92235-2920,2003-05-30
13931003688,Arthur Gabriel Azevedo,oliveiradante@example.com,(11) 92145-9937,1996-03-01
27191090700,Ian Rocha,yago97@example.net,(11) 93654-3851,2003-05-04
36158932800,Bento Melo,xpeixoto@example.org,(11) 99259-2066,1949-05-06
10534533100,Sr. Asafe Cunha,freitasbrayan@example.org,(11) 97487-8058,1958-03-30
13066832700,Maria Sousa,joao-lucasmoura@example.com,(11) 98987-2436,1992-05-16
51254582522,Sr. Murilo Pastor,sousaenzo-gabriel@example.org,(11) 94014-9324,2003-04-15
73643428500,Dr. Leandro Nunes,wporto@example.net,(11) 93436-2864,1990-10-25
45168324022,João Gabriel da Luz,joaquimaraujo@example.net,(11) 94965-1192,1984-12-23
65997511999,Dr. Marcos Vinicius Jesus,da-costaluisa@example.org,(11) 91814-2163,1978-08-09
63377786266,Calebe Fonseca,diogo79@example.com,(11) 93340-7822,1992-10-10
93152261866,Melissa Souza,heloisa25@example.com,(11) 96909-1707,1981-11-11
26875440277,Marcela Freitas,inovaes@example.org,(11) 94305-3587,1969-12-05
97661307600,Erick da Conceição,nsa@example.com,(11) 95703-7761,1997-10-30
50415769399,Olívia da Luz,stephany07@example.org,(11) 98837-3707,1953-03-29
72134394133,Augusto Pires,maria-luizagarcia@example.com,(11) 91835-2242,1956-06-17
30058297077,Luísa Nascimento,lucas76@example.com,(11) 91583-7181,1974-05-31
25779944199,Maria Lima,thiago91@example.net,(11) 98208-1199,2001-12-27
62748129388,Benício Castro,fernanda56@example.com,(11) 98487-4253,1994-05-31
97738941699,Levi Novaes,haparecida@example.net,(11) 96836-5743,1997-01-01
28341807099,Maysa Freitas,tcamara@example.org,(11) 95938-9058,1999-05-16
67003729922,Ana Luiza Lima,ayla92@example.net,(11) 94945-5757,1956-06-21
69511486600,Vicente Jesus,fonsecaantonio@example.net,(11) 95360-1740,1989-11-27
35438628988,Marcos Vinicius Borges,ravybarros@example.net,(11) 94514-5551,1947-11-29
36206107388,Caleb Duarte,ana-sophia72@example.net,(11) 99154-5390,1980-08-19
74909697944,Stella Campos,qabreu@example.net,(11) 94572-8290,1998-09-09
61791389666,Otávio Alves,hellena68@example.net,(11) 92858-9378,1981-07-11
87504287211,Gabriel Lima,qvargas@example.net,(11) 94897-2727,1962-05-19
44968548999,Maya Sampaio,moraesanthony-gabriel@example.com,(11) 96204-1722,1986-06-05
61454989600,Ísis da Cunha,benjaminda-mata@example.net,(11) 99575-2270,1985-04-22
99798598144,Luiz Henrique Câmara,nda-luz@example.org,(11) 96513-1163,1973-06-20
35952328100,Ayla Pinto,maria-clara55@example.org,(11) 98029-4467,2005-06-12
62986871222,Dr. Raul Cardoso,zmonteiro@example.com,(11) 97730-1767,1983-04-28
46835518377,Ravi Lucca Martins,eteixeira@example.org,(11) 99764-3175,1987-08-23
75893556155,Gabriela Barbosa,maria-aliceazevedo@example.org,(11) 91437-4946,2004-10-28
52986166400,Maria Liz Porto,elisa10@example.org,(11) 97966-8175,1951-04-13
14477968100,João Gabriel Cunha,das-nevessabrina@example.net,(11) 98768-7174,1960-10-27
30662111933,Cecilia Ramos,fonsecamaria-cecilia@example.net,(11) 92965-4395,1961-09-28
73782307155,Maria Pastor,salesmelissa@example.net,(11) 91299-6898,1947-01-25
65282796088,Sr. Enzo Gabriel Castro,yda-paz@example.com,(11) 95671-8624,2003-02-11
19958719233,Ryan Lopes,vitor-hugo67@example.net,(11) 97371-4707,1991-12-27
67414601877,Maria Sophia Pacheco,yanleao@example.net,(11) 96456-3346,1947-07-03
48941539800,Hadassa Campos,pachecomariana@example.net,(11) 92522-5409,1972-08-31
86134141844,Catarina Novaes,evelyn49@example.net,(11) 93266-7784,1993-07-02
19809245466,Guilherme Pimenta,fmoraes@example.org,(11) 97519-8399,1997-08-20
82401592733,Caleb Cardoso,pintooliver@example.net,(11) 91497-6493,2007-07-19
84611606577,João Pedro Macedo,anthony-gabriel50@example.com,(11) 95692-8151,1986-08-08
34706575211,Valentim Nogueira,raquel37@example.net,(11) 91972-7104,1954-12-19
36360415766,Srta. Manuella Oliveira,da-luzmiguel@example.com,(11) 93485-5089,1956-01-21
69056880100,Carlos Eduardo Araújo,valentim91@example.org,(11) 92877-6437,1953-03-03
44366787766,Lucas Gabriel Rodrigues,nogueiramatheus@example.net,(11) 97262-5310,1952-06-26
39923889566,Dr. Nicolas Pastor,ynascimento@example.com,(11) 99812-3300,1980-06-15
35740552777,Sra. Joana Macedo,rodrigo36@example.com,(11) 99557-9860,1983-10-13
37672325377,Yuri Alves,marcela71@example.org,(11) 95067-3534,1973-08-21
77590357055,Alexandre da Luz,isadoramendes@example.net,(11) 91500-3403,2004-04-25
10040246811,Alexia da Cruz,riosarthur-gabriel@example.com,(11) 97664-7218,1968-12-05
77920036711,Eloah Fernandes,halves@example.net,(11) 92647-7557,1974-10-08
19113015600,Sra. Anna Liz Viana,maria-luisa49@example.org,(11) 95276-1912,1975-10-22
27855616511,Ana Liz Cunha,riosnatalia@example.net,(11) 92101-1934,1960-05-19
28147896355,Yan da Rocha,thiagoandrade@example.com,(11) 96969-6259,2004-03-01
14170279599,Ayla Lima,bernardo23@example.org,(11) 95469-3734,1986-08-23
53555361900,Vitória Ferreira,bruno65@example.net,(11) 94542-4538,2004-04-05
45553787255,Dr. Guilherme Souza,waragao@example.net,(11) 98784-9109,1994-08-25
77965213166,Evelyn Novais,melojuliana@example.net,(11) 94544-4420,1981-03-03
95590218699,Arthur Miguel Souza,benicioguerra@example.org,(11) 93760-8021,1945-06-15
17217037800,Clara Santos,mendoncalunna@example.org,(11) 94467-3068,1980-09-19
27728619377,Cecília Ramos,lcastro@example.net,(11) 93636-7545,1962-08-10
58138527199,Dr. Mateus Guerra,ida-cruz@example.com,(11) 97299-8953,1993-07-09
79041032900,Stephany Machado,cavalcanteraul@example.org,(11) 97213-6746,1965-02-05
26776881822,Sra. Clarice Almeida,da-rosapaulo@example.net,(11) 93306-1941,1968-09-16
15984638700,Amanda da Cunha,machadostephany@example.com,(11) 96167-5446,1997-07-13
18975375300,Isabel Garcia,ravyda-paz@example.net,(11) 96978-5272,1986-09-17
17786880200,Alana Mendes,rda-rocha@example.net,(11) 97225-9203,1978-04-12
27968518500,Ana Sophia Borges,cavalcanteisaac@example.com,(11) 97373-8662,1991-05-08
73899463344,Juan Barros,samueloliveira@example.org,(11) 94925-5418,1953-07-10
26764393244,Joaquim Guerra,felipeferreira@example.com,(11) 98865-8218,1958-01-26
33409426844,Raquel Cavalcanti,joao-vitorsampaio@example.org,(11) 97656-9707,1978-12-16
48511046933,Maria Cecília Alves,jnogueira@example.org,(11) 97220-9011,1973-10-14
38384054044,Dra. Catarina Pinto,cassianoeloah@example.org,(11) 91976-2591,1980-03-25
70780330511,Nathan Gonçalves,klima@example.net,(11) 93085-3455,1997-02-12
72245051100,Matteo da Mota,sophia72@example.com,(11) 93959-7112,1960-06-06
60787741233,Sr. João Guilherme Peixoto,brenda50@example.net,(11) 96113-3110,1952-04-23
12716977699,Maria Sophia Sampaio,kda-paz@example.org,(11) 91362-7465,1965-12-28
22468072044,Anthony Gabriel Nogueira,thiagopacheco@example.org,(11) 94373-5081,2007-01-20
41453662711,Srta. Lorena Pereira,ottomelo@example.com,(11) 94738-2499,1976-02-08
49861603622,Yuri Barros,danilomontenegro@example.org,(11) 96041-1088,1992-12-25
93738434277,João Barbosa,fonsecaanna-liz@example.org,(11) 97709-6263,1966-12-06
57188497300,Laura Siqueira,diasmaria-julia@example.net,(11) 98039-2861,1984-10-14
66149438200,Renan Fonseca,davi-luccapinto@example.com,(11) 94259-9905,1960-11-19
11629379555,Aurora Araújo,vmachado@example.org,(11) 94332-2525,2000-02-07
19771288744,Lucas Gabriel Câmara,laismoreira@example.net,(11) 97588-1604,2003-06-12
79239615144,Luna Cunha,wdas-neves@example.net,(11) 95701-3880,1975-01-05
18197655555,Srta. Maysa Garcia,santosmanuela@example.org,(11) 96781-9302,1946-02-21
59394896644,Sra. Aylla Albuquerque,duartesophia@example.com,(11) 99328-2587,1950-02-06
68103322199,Eduarda Mendonça,wda-mota@example.org,(11) 95762-1380,1975-10-02
59829029699,Danilo Siqueira,ryandias@example.org,(11) 94846-9805,1954-11-20
34466981166,Noah Cardoso,tcaldeira@example.net,(11) 99969-6734,1948-05-11
55891098411,Rafaela Vasconcelos,pedro-lucasporto@example.org,(11) 98574-5309,1997-03-18
29319176644,Alícia Viana,jda-mota@example.net,(11) 92465-3047,1966-10-28
95268182611,Kamilly Rezende,ana-juliada-mata@example.com,(11) 99140-4245,1964-12-28
22100160611,Thales Porto,hsampaio@example.com,(11) 99191-4578,2003-06-24
25499089966,Ana Julia Campos,aragaogael-henrique@example.net,(11) 93588-6210,1945-04-14
52089364966,Mathias Silva,caleb75@example.com,(11) 98789-8707,1991-01-14
11640698700,Sr. Luiz Felipe Andrade,heitorda-cunha@example.com,(11) 98518-5297,1961-12-11
80376752466,Theo Caldeira,mariane11@example.net,(11) 93307-5116,1946-08-18
86288895233,Zoe da Luz,bvasconcelos@example.net,(11) 95829-2142,1971-12-28
66884026700,Evelyn Pimenta,ana-carolina23@example.com,(11) 95497-6353,1988-01-02
58307050799,Sr. Bento Sousa,gomesisabelly@example.org,(11) 94009-5584,2001-12-06
20899579133,Gustavo Gomes,davi-lucasfogaca@example.net,(11) 99575-2888,2000-11-28
28169563188,Sr. Davi Miguel Rezende,kleao@example.org,(11) 93930-2951,1991-04-25
45544607977,Lara da Mota,cassianomanuela@example.com,(11) 95374-7225,1980-05-21
96952571433,Dr. Davi Aragão,ester97@example.net,(11) 97283-1019,1966-10-29
56262438877,Ana Cecília Santos,theodorolopes@example.org,(11) 93594-6992,1979-12-30
99338737333,Sr. Thomas Pires,efernandes@example.com,(11) 95878-2879,2002-11-03
61740627322,Vicente Porto,csilva@example.net,(11) 92428-1140,1976-11-12
91496913177,Júlia Ferreira,aragaomaria-julia@example.com,(11) 91181-1665,1996-10-04
24717722266,Raul da Mata,rvasconcelos@example.com,(11) 94146-6564,1950-10-19
15233366177,Maria Helena Ribeiro,andraderavi@example.net,(11) 93799-7141,1985-09-07
83325056311,Sr. Pedro Almeida,ester45@example.net,(11) 91465-8913,1961-08-04
44860835477,Guilherme Jesus,manuella12@example.net,(11) 94017-7627,1999-08-29
88893258877,Davi Lucca Nascimento,costelaasafe@example.com,(11) 94325-9540,1966-07-09
35991580022,Antonella Barbosa,limadom@example.com,(11) 99468-2517,2001-04-07
76338217100,Kamilly Fogaça,giovannavieira@example.org,(11) 99904-2899,1974-02-10
13862478200,Alice Nunes,araujobenjamim@example.org,(11) 99807-7568,1996-07-10
31243005055,Diogo Siqueira,maria-florsiqueira@example.com,(11) 96690-2357,1964-06-19
32065828144,Elisa Costa,lizpastor@example.org,(11) 92808-3984,1959-10-11
61759498899,Dra. Ana Melo,rezendearthur@example.com,(11) 92933-7298,1985-05-06
96009186355,Sr. Yan Freitas,mendoncapaulo@example.com,(11) 94609-2871,1986-05-25
21134826144,Ana Beatriz Andrade,arthur-miguel97@example.org,(11) 98305-8379,1974-02-05
48230874611,Dra. Agatha Novais,liviaferreira@example.com,(11) 96851-3032,1978-06-12
62067776500,Allana Lopes,sousaluiz-otavio@example.org,(11) 93305-3936,1989-09-19
51935898633,Dr. Rael da Rocha,joao-pedro98@example.com,(11) 92576-7029,1947-12-11
52685746988,Marina Araújo,dcosta@example.com,(11) 97864-9733,1945-05-11
70625942966,Stephany da Rocha,imarques@example.com,(11) 96681-4428,1990-12-03
77632880866,Eloah Macedo,silvasabrina@example.org,(11) 96352-4554,1950-10-03
15391046211,Emanuella Moura,peixotolevi@example.net,(11) 97311-9608,1989-12-21
79294612388,João Gabriel Moreira,ana-cecilia72@example.com,(11) 95988-7982,1945-01-11
54899144911,Sr. Oliver Correia,omachado@example.net,(11) 95794-5285,1976-08-26
42761844288,Vitor Gabriel Ramos,moreiraana-carolina@example.com,(11) 99445-7008,1975-01-24
71175311699,Melissa Sousa,marquesrebeca@example.org,(11) 97916-6824,1955-02-10
18651062322,Dra. Sara Monteiro,yan19@example.net,(11) 99809-4399,1999-04-20
29307168600,Nicolas Duarte,kbarbosa@example.net,(11) 94276-1334,1960-08-12
54608842099,Sra. Gabrielly Câmara,pedro-henrique97@example.net,(11) 91503-6252,1966-01-30
83678697533,Olívia Pires,sophie93@example.net,(11) 97968-3948,1978-01-07
36730970911,Vinicius Costela,vitoria11@example.com,(11) 96585-2448,1993-11-29
12729319433,Manuella Rios,esther75@example.net,(11) 98016-3582,1947-08-04
91664671011,Maria Luiza Viana,sporto@example.net,(11) 96184-9887,1955-06-28
28490321233,Clara da Cruz,melina52@example.net,(11) 95743-2322,1989-01-17
12999667999,Sr. Kaique Viana,samuel87@example.net,(11) 93983-2208,1960-04-18
56713734255,Sr. Benicio Lopes,camposgustavo@example.net,(11) 92133-3925,1989-12-20
93302095300,Sra. Gabriela Borges,liamazevedo@example.org,(11) 91021-4388,2003-04-05
58316808433,Clarice Pinto,ayla83@example.org,(11) 91112-5373,1951-12-16
89240886299,Mariane Monteiro,dante43@example.org,(11) 97616-4015,1947-05-14
53264248433,Camila da Paz,orezende@example.net,(11) 95202-2732,1975-11-28
91542813500,Otávio Borges,olivia28@example.org,(11) 96251-9924,1961-05-10
41020833400,Arthur Gabriel Nunes,cavalcantipedro-lucas@example.com,(11) 99265-8859,1978-04-21
57737262899,Bryan Vieira,gvieira@example.net,(11) 91839-1378,1962-04-11
79732366866,Heloísa Martins,arthur-gabriel27@example.net,(11) 96856-5073,1968-04-09
80588011000,Luiz Fernando da Costa,domsilva@example.org,(11) 96479-6794,1963-04-18
79344776199,Maria Cecília da Paz,ncostela@example.net,(11) 96647-9946,1989-06-01
80294459111,Calebe Moraes,sabrina34@example.org,(11) 92827-2448,1977-06-28
26989847166,Vitória da Mata,leaomaria-flor@example.com,(11) 92628-2786,1970-07-27
29571835877,Rafael Teixeira,pirescaua@example.org,(11) 93140-7944,1956-02-03
45184136799,Maria Liz Moreira,matheus56@example.com,(11) 93040-2842,1972-09-13
71200638988,Danilo Silva,vieirafelipe@example.org,(11) 97129-5957,1968-07-17
13089584555,Eloah Ramos,xborges@example.org,(11) 98408-7958,1948-03-08
10953746722,Bárbara Brito,joao-guilhermevargas@example.org,(11) 91321-6542,1960-08-13
47022163411,Francisco Leão,heloisa17@example.com,(11) 91755-5311,1994-04-28
98346174022,Bella Camargo,antony77@example.net,(11) 99503-5519,1963-02-26
28240902600,Bianca Carvalho,pedro-miguelmoraes@example.com,(11) 93785-3076,1982-05-21
87220554011,João Felipe da Rosa,sophiada-cunha@example.org,(11) 91659-4050,1957-05-12
88593899177,Carlos Eduardo da Luz,apollosousa@example.com,(11) 94008-9642,1944-12-14
61278715222,Eduarda Souza,nicoleandrade@example.com,(11) 91283-6056,1956-07-10
15970906700,Marcos Vinicius Macedo,rebecamoreira@example.org,(11) 95934-5721,1959-11-24
62931714700,Gabriela Campos,ycunha@example.org,(11) 96873-6652,1946-04-22
59339648088,Arthur Nunes,asa@example.com,(11) 96544-6903,2000-11-28
89673988244,Sra. Hellena Leão,luana07@example.net,(11) 98410-4781,1949-02-10
75887163200,Sr. Benjamim Cassiano,mouravinicius@example.com,(11) 92101-2516,1983-03-26
48621246666,Bernardo Machado,felipeoliveira@example.org,(11) 98907-7137,1975-12-22
13314654600,Davi Miguel Barbosa,cirinomaria-eduarda@example.org,(11) 99152-8758,1955-08-03
75420248844,Anna Liz da Luz,luiz-henrique13@example.org,(11) 98101-8366,1976-12-06
24431384533,Vicente Costela,cgarcia@example.com,(11) 98122-6167,1951-11-20
22729139622,Vinícius Oliveira,azevedodante@example.com,(11) 94934-2289,1974-08-21
65138732588,Davi Gonçalves,olivia63@example.org,(11) 96568-4531,1957-08-30
82063632388,Sr. Leonardo Castro,thalesmendonca@example.com,(11) 91422-4027,1960-10-25
93209270499,Dr. Arthur Gabriel Mendonça,luanada-mota@example.net,(11) 96914-8604,1948-09-21
58139192799,Lavínia Pires,monteiroemanuel@example.com,(11) 92527-9692,1991-09-12
70039098477,Luiz Otávio Abreu,crios@example.com,(11) 94029-1342,1998-06-15
46613124499,Mathias Machado,vda-luz@example.net,(11) 93687-7600,1957-10-13
36700729500,Dr. Ian Caldeira,vitoria58@example.org,(11) 92383-6473,1952-10-19
43790162777,Paulo Garcia,vitoria40@example.org,(11) 99712-4861,1978-10-08
40599486244,Eduardo Gomes,zlopes@example.net,(11) 94052-2559,1979-02-04
88989037233,Dr. Ryan Guerra,vitorcardoso@example.com,(11) 97522-4096,1985-05-09
70115799311,Luiz Henrique Aparecida,ryancavalcante@example.com,(11) 95321-7011,1995-02-11
31329017333,Isadora Mendes,guilherme46@example.com,(11) 94946-2501,1971-08-02
91134832344,Amanda Rezende,pastorandre@example.net,(11) 99160-9761,2000-04-25
95302024900,Murilo da Cunha,oferreira@example.org,(11) 92580-5805,1992-09-03
44665070155,Mariane Silva,jbarbosa@example.org,(11) 91316-2701,1993-02-15
34741391422,Mateus Azevedo,vitornovais@example.com,(11) 95609-1403,1958-06-19
67706726777,Nicole Oliveira,pedro-lucasdas-neves@example.org,(11) 92636-9814,1974-07-20
83622275755,Sra. Lunna Nogueira,mferreira@example.net,(11) 97422-2900,2005-12-16
49476918244,Ana Luiza Rezende,sabrina63@example.com,(11) 97273-5021,1947-06-08
46875952788,Lorenzo Pastor,cirinomaria-fernanda@example.org,(11) 91843-3889,1947-09-28
18086170888,André Porto,dom21@example.net,(11) 95807-7733,1981-06-30
57828890399,Lorenzo Silveira,pedro-miguelda-cruz@example.com,(11) 94257-5253,1988-12-28
89335537466,Srta. Brenda Santos,lrodrigues@example.net,(11) 94499-2875,1992-04-16
89640407599,Melina Silva,emanuellaaragao@example.org,(11) 94766-3930,1953-02-20
29487753455,Rafael Azevedo,limajose@example.net,(11) 96187-3486,1945-10-12
89486893800,Srta. Jade Novais,danielcostela@example.net,(11) 97384-2545,1952-07-19
14074540488,Srta. Laís da Cunha,oliveiramarcelo@example.org,(11) 96876-5193,1957-07-18
62573287644,Davi Lucas Sampaio,arthur-gabrielcaldeira@example.net,(11) 97194-6849,1997-03-30
77978470700,Sr. João Gabriel Sá,wazevedo@example.com,(11) 98502-9486,1954-02-01
95962489011,Maria Correia,toliveira@example.net,(11) 91547-7591,1955-10-10
75082937622,Kamilly Caldeira,teixeiramaria-alice@example.net,(11) 98828-8012,1951-08-02
21583528255,Francisco Sousa,azevedoeloa@example.org,(11) 92696-9862,2006-07-16
10966797011,Antony Sampaio,lda-rosa@example.com,(11) 99113-9609,1982-04-13
57518855466,Bruna Fonseca,matteopacheco@example.com,(11) 94281-3427,1993-05-21
77998388922,Alexia Carvalho,benjamimcastro@example.net,(11) 94095-5292,1990-02-05
79871004988,Nina Costela,gustavo-henrique83@example.com,(11) 95936-6003,1970-04-28
45505506511,Rael Sampaio,daniel68@example.org,(11) 96191-9959,1998-02-20
27203455555,Davi Silveira,ana-clara14@example.com,(11) 96996-4599,1964-09-19
15623788133,Letícia Ribeiro,correiaeloa@example.com,(11) 99865-1645,1984-03-18
99605945133,Samuel Guerra,teixeiracaroline@example.org,(11) 96326-6152,1972-04-24
79997121322,Dr. Luan da Mota,carlos-eduardosiqueira@example.net,(11) 97413-8739,1986-12-03
90974207766,Aurora Caldeira,julia24@example.net,(11) 99045-6342,1999-05-13
81727376888,Dra. Julia Barbosa,gda-rosa@example.com,(11) 91470-1511,1973-12-09
84599894022,Vicente Sales,moraesemanuel@example.com,(11) 94054-6914,1986-05-01
13343871688,Antony Carvalho,cardosoisabel@example.net,(11) 96857-3291,1997-04-05
66612629900,Raquel Fogaça,da-rosaamanda@example.com,(11) 98617-7427,1994-06-09
68576522877,Maria Eduarda Nunes,fcavalcanti@example.org,(11) 99874-3557,1993-10-28
49016503199,André Machado,rafaelcassiano@example.com,(11) 99466-9161,1981-05-31
62127432822,Olívia Silveira,ana-juliafonseca@example.net,(11) 93639-8157,1992-04-15
96295450633,Felipe Mendonça,gael-henrique00@example.com,(11) 93239-3887,1977-09-08
40527503900,Henrique Souza,fariasliam@example.net,(11) 98372-3312,2006-06-09
93872625700,Melissa Andrade,zmonteiro@example.org,(11) 98698-8995,2005-09-09
46100415611,Jade Nunes,da-rosavinicius@example.com,(11) 99589-2701,1958-09-13
73774631044,Elisa Lima,castroluiz-gustavo@example.com,(11) 96817-9934,1960-06-17
71852050855,Eduardo Freitas,benicio29@example.org,(11) 94456-5167,1977-10-23
43734634688,Maria Luiza Moreira,raquel49@example.net,(11) 91954-8840,2004-06-16
54463748277,Sr. José Miguel Gonçalves,anthony59@example.org,(11) 99200-7850,1964-04-25
60969828911,Sra. Mirella Dias,ianbrito@example.com,(11) 94746-2005,1964-05-22
66319707766,Pietro Teixeira,heloisagoncalves@example.org,(11) 94125-9851,1987-08-22
14233486566,Sr. Renan Freitas,lunnacavalcanti@example.org,(11) 92669-9754,1979-12-11
71542503488,Julia Santos,sophiegomes@example.net,(11) 95949-3631,2004-11-10
21870470322,Dra. Sarah da Cruz,britopedro-lucas@example.net,(11) 93445-6155,1959-04-18
23021208500,Maysa Novaes,kamilly80@example.com,(11) 99133-4362,1980-01-13
86982193811,Maria Eduarda da Cunha,camargoayla@example.org,(11) 98703-1413,1972-05-26
38880411633,Mathias Cassiano,rochalucca@example.com,(11) 93086-1333,1956-07-13
95641817711,Maria Flor Cardoso,juan02@example.com,(11) 93291-3276,1978-08-03
96405149500,Sra. Isabel Duarte,danilo36@example.com,(11) 94480-6963,1965-07-27
20566591588,Valentina Pimenta,yanda-conceicao@example.com,(11) 92566-7812,1976-01-20
75233835133,Bruno Lima,raparecida@example.com,(11) 98147-2100,1976-05-10
65525204411,Maria Júlia Vargas,fernanda02@example.com,(11) 99464-3827,1958-10-11
21699864644,Vinicius Guerra,carvalhoolivia@example.com,(11) 99182-8903,2003-12-13
51300332566,Maria Luísa Teixeira,npinto@example.net,(11) 99917-5130,1948-07-30
98789735499,Dra. Eloá Guerra,da-cruzmelina@example.com,(11) 97404-7337,1945-09-30
66637067644,Yan Camargo,aaparecida@example.org,(11) 98868-1376,1989-05-29
17963732300,Dante Castro,ryanda-mota@example.org,(11) 93374-1485,1987-01-31
24367786988,Hadassa Souza,rochajade@example.com,(11) 91310-2054,1994-06-10
83617373400,Sr. Nicolas Leão,jferreira@example.com,(11) 99357-6874,1968-12-31
42356055266,Sabrina Dias,rcardoso@example.org,(11) 94359-4189,1982-03-05
28080240611,Agatha Correia,luiz-fernando97@example.org,(11) 92441-1047,1971-10-05
85250271111,Alexia Borges,cazevedo@example.org,(11) 95869-2617,1958-09-03
85954771833,Ana Sophia Nunes,vitorvasconcelos@example.org,(11) 97579-8258,1980-03-02
91706236866,Luiz Felipe Casa Grande,diogo15@example.net,(11) 99679-5864,1950-12-29
52116818000,João Gabriel Rodrigues,wcirino@example.com,(11) 98156-7414,2005-11-16
65887188888,Dra. Maria Fernanda Moraes,uda-rocha@example.net,(11) 94484-3360,1978-03-01
34407383888,Augusto Cirino,theodorocardoso@example.net,(11) 91424-4603,1987-07-10
92918413744,Yasmin Rocha,barrosvitor-hugo@example.org,(11) 95937-5317,2006-06-25
71529529900,Leandro Azevedo,umoura@example.net,(11) 93941-7177,1959-10-18
70131173744,Daniel da Mata,fmoura@example.net,(11) 91807-2725,1975-11-07
70552022300,Nathan Mendes,pda-mata@example.com,(11) 96246-5641,1985-12-01
35171728477,Lunna Albuquerque,cardosojulia@example.net,(11) 93623-7603,1990-02-03
53253414999,Gustavo Henrique Souza,alexiarocha@example.com,(11) 92900-6310,1979-11-25
11130703077,Enzo Viana,da-motavicente@example.net,(11) 96240-2238,1999-03-26
17798989677,Maria Flor Andrade,mendesemanuel@example.org,(11) 92747-2727,2001-03-02
82571413800,Davi Luiz Albuquerque,bvieira@example.net,(11) 96200-1553,1988-12-22
42227500933,Dr. Eduardo Lopes,valentinada-rosa@example.net,(11) 91129-2053,2005-05-17
79929912066,Lorena Moraes,xmonteiro@example.com,(11) 98534-6293,1989-12-24
52190887933,Matteo Correia,uazevedo@example.org,(11) 94253-4695,1972-08-24
81907393011,Arthur Gabriel Abreu,aylla63@example.com,(11) 96948-1426,2007-04-29
92026107200,Rael Macedo,danielsa@example.com,(11) 91727-5031,1987-04-20
60650418666,José Costa,renan88@example.com,(11) 96286-5204,1973-12-14
40517682522,Ísis Alves,piresjoao-gabriel@example.net,(11) 91047-3149,1954-01-14
46156382300,Melissa da Paz,kaiqueda-mota@example.com,(11) 96943-2606,1945-04-16
13044016500,Ryan da Mata,jose-pedrocavalcante@example.com,(11) 97130-3611,2006-02-03
97671802900,Ester Fonseca,gabrielcamargo@example.net,(11) 96801-9322,2003-04-05
54133385544,Mariane Dias,melotheodoro@example.com,(11) 99249-6168,1978-03-24
45534321022,Sr. Enzo Gabriel Lima,cassianorafaela@example.org,(11) 99943-8855,1948-09-23
36060767899,Pietra Vieira,costelaheitor@example.net,(11) 93044-9280,2005-11-25
71130580199,Dr. Gustavo Henrique da Paz,mouraalana@example.org,(11) 97915-7990,1983-03-01
11672601633,Rael Almeida,eduarda89@example.com,(11) 94996-2435,1966-12-19
84672951122,Ana Beatriz Rios,mirella40@example.com,(11) 93512-5655,1985-06-10
54038095899,Sr. Carlos Eduardo da Mata,onovaes@example.net,(11) 96686-4447,1950-11-28
12066682455,Luiz Felipe Sampaio,laviniamacedo@example.org,(11) 95095-8088,1969-02-19
32769382433,Rodrigo Moreira,amandaalmeida@example.org,(11) 92207-5764,1974-06-28
38897599122,Dr. Enzo Viana,mariahcaldeira@example.org,(11) 91071-2805,1945-08-23
91321347700,Augusto Marques,uazevedo@example.com,(11) 99154-8694,1972-02-16
77749398300,Lara Fernandes,heloisa78@example.com,(11) 98836-4375,1976-05-14
46946429600,Danilo Martins,guerranicole@example.org,(11) 94634-2320,1956-09-24
86659768844,Valentim Vieira,mayamonteiro@example.net,(11) 91941-9230,1973-02-02
46561893400,Ana Beatriz Souza,samueldas-neves@example.com,(11) 93003-8034,1966-05-22
53608863588,Marcela Garcia,leaoana-clara@example.org,(11) 99426-7360,1959-02-11
47849382733,Maria Isis da Cunha,lmacedo@example.com,(11) 91117-8100,1959-05-24
17668948100,Sr. Apollo da Mata,qrezende@example.com,(11) 99331-3178,1991-02-02
26827143822,Pietro Costa,bernardo58@example.net,(11) 92452-9061,1955-05-13
78608273522,Evelyn Santos,helena87@example.net,(11) 97963-6542,1978-06-29
63409809966,Dr. Lucas Albuquerque,pastorana-beatriz@example.org,(11) 98743-1208,1987-10-12
61862874833,Marcos Vinicius Siqueira,moraespietra@example.net,(11) 95808-2607,1988-04-05
58963095033,Ian Rezende,nascimentoliz@example.org,(11) 97785-8488,2007-03-05
17487696699,Dom Borges,vianapedro-henrique@example.org,(11) 93258-3210,1953-10-18
44323406144,Maria Eduarda Montenegro,rafael87@example.org,(11) 97183-6117,1985-04-09
57571670099,Anthony Leão,sousaravy@example.net,(11) 93563-5103,2000-03-06
91234757499,Leandro Câmara,barbosaryan@example.net,(11) 91814-3488,2003-12-24
57057076811,Cecilia Rocha,da-cruzrafaela@example.org,(11) 97295-8573,1977-06-16
24169984711,Maria Cecília Lima,alana45@example.com,(11) 95704-7501,1971-09-28
21719000677,Mirella Nunes,isaqueguerra@example.net,(11) 93776-5620,1982-01-31
64947491355,Gabriela Nascimento,mateus24@example.org,(11) 91098-3974,2004-07-01
83306847177,Davi Lucas Lima,casa-grandececilia@example.net,(11) 95976-3822,1997-01-20
37555964900,Arthur Viana,ravi34@example.org,(11) 99060-6683,1946-05-29
67157608533,Isadora Leão,da-luzlucca@example.net,(11) 96754-5204,1962-04-13
46577197422,Bella Caldeira,enzo-gabrielpinto@example.net,(11) 93255-9657,1961-11-21
91442075300,Anna Liz da Luz,silveiraarthur@example.org,(11) 97399-9367,1981-09-18
68148708866,Laura Rios,luiz-miguel10@example.com,(11) 99506-4002,1990-09-16
31414201577,Carolina Rodrigues,jesusguilherme@example.org,(11) 94328-2186,1973-10-28
24539330277,Maria Isis Alves,montenegrotheodoro@example.com,(11) 91091-6241,1985-11-20
34738478799,Laís Ramos,emanuelly86@example.com,(11) 99092-7384,1971-11-07
21218903000,Ana Luiza Ferreira,sofiapereira@example.org,(11) 93168-8748,1999-12-09
32717030199,Rodrigo Pimenta,rezenderavy@example.net,(11) 97023-7131,1950-03-04
57411196466,Alice Campos,da-cruzjoao-pedro@example.net,(11) 95796-7105,1952-01-22
45544017666,Maria Sophia Guerra,rebeca51@example.net,(11) 94516-9126,1993-05-27
89959897000,Dom Costela,ribeiroisadora@example.net,(11) 93374-4073,1999-03-29
97673788988,Dra. Manuela Viana,piresfelipe@example.org,(11) 91726-5504,1946-01-23
49685262966,Ana Luiza Vasconcelos,pastormaria-laura@example.com,(11) 91710-6307,1961-08-04
85300643999,Isabella Lima,gaelmoreira@example.com,(11) 93386-9171,1966-11-07
84682774600,Alexandre Almeida,francisco62@example.com,(11) 97823-4456,1959-06-05
25965652266,Henrique Melo,valentim51@example.com,(11) 93426-5267,1949-06-03
94188528022,Rafaela das Neves,aazevedo@example.com,(11) 92034-2790,1949-10-20
12208408666,Felipe Freitas,das-nevesravy@example.com,(11) 97573-1158,1982-06-19
42826179777,Maria Rezende,ferreiramariane@example.net,(11) 92492-3349,1957-08-26
72597225255,Srta. Isabela Lopes,vbarbosa@example.org,(11) 97918-8134,1976-12-08
21971218711,Sr. João Miguel Borges,eduardapimenta@example.org,(11) 91589-4392,1951-06-08
57441536677,Dr. Caleb Duarte,garciaagatha@example.org,(11) 99074-7348,1956-11-24
59681968155,Eloá Camargo,rcamara@example.net,(11) 96696-5178,1983-11-07
26003572111,Guilherme Borges,laracirino@example.org,(11) 99053-2986,2006-05-29
21946758411,Cauê Montenegro,fariasjoao-vitor@example.net,(11) 96883-3614,1978-09-22
88743875800,Davi Lucca Azevedo,gomesdanilo@example.net,(11) 96240-1199,1973-11-09
46273001155,Ágatha da Cunha,maria-sophiada-mata@example.org,(11) 94696-1709,2000-09-04
77315216566,Luiz Fernando Porto,pietrocardoso@example.org,(11) 99474-1219,1989-06-17
18074160899,Bárbara da Conceição,gomesbreno@example.com,(11) 93898-4158,1998-07-03
69682524144,Luara Mendes,ottomendonca@example.net,(11) 99677-3630,1990-07-05
46484611000,Luan Rios,caleb57@example.net,(11) 91700-5699,2003-04-05
78998196100,Melina Sousa,theo02@example.com,(11) 98186-3707,1954-01-27
16790986833,Maria Laura Sousa,luara81@example.org,(11) 99902-7948,1994-11-10
38415197766,Cecilia Nogueira,xcassiano@example.com,(11) 99746-2096,2001-11-30
65141271699,Kamilly Rezende,ncorreia@example.net,(11) 96315-6660,1993-09-14
70812851988,Bruna Andrade,davi-luizmoura@example.net,(11) 93664-4789,1954-11-21
50681502822,Joaquim Nunes,theo84@example.com,(11) 94742-7185,1978-04-16
42714618733,Nina Almeida,guerrapietra@example.net,(11) 99927-4166,1960-07-15
80369827811,Maria Eduarda da Mata,moreirabenjamin@example.net,(11) 93724-2721,1945-11-11
19816204000,Dra. Alice Garcia,rafael65@example.org,(11) 96105-8671,1970-05-07
90732212699,Dr. Lucca Carvalho,mariaoliveira@example.net,(11) 92548-4840,1996-10-27
74299461355,Levi da Mata,henry33@example.net,(11) 97710-3942,1991-04-29
63910635322,Dante Azevedo,theo72@example.net,(11) 95301-3479,1981-08-27
37597189733,Sra. Mariah Lopes,dda-cruz@example.com,(11) 98531-4622,1992-07-08
70000462955,Cauã Siqueira,dom11@example.net,(11) 99942-4174,1998-10-26
69751399200,Gabriel da Paz,cassianomarina@example.org,(11) 91082-2610,1982-08-15
44224142599,Anna Liz Costa,sarah40@example.net,(11) 91777-3823,1969-04-07
88069098944,Fernanda Dias,ocamara@example.org,(11) 91299-8137,1956-02-25
38112581688,Mariah Cavalcanti,heloisamontenegro@example.org,(11) 98703-7412,1948-03-27
90888074699,Sra. Júlia Pastor,fernandoabreu@example.net,(11) 99525-8537,1968-02-27
12665144811,Clara Pimenta,luiz-feliperodrigues@example.net,(11) 93622-3579,1997-12-28
48218077000,Brenda Camargo,agatha69@example.net,(11) 96037-2212,1949-08-27
36936965866,Heloisa Gonçalves,dda-paz@example.com,(11) 91249-7345,1993-09-30
86918407577,Rafaela Albuquerque,maria-isis37@example.org,(11) 96747-2474,1991-06-20
60638001311,João Pedro Azevedo,mendespietra@example.net,(11) 91700-5024,1971-02-07
41037668400,Ísis Nogueira,scampos@example.org,(11) 98485-2452,1973-08-07
22672314177,Dra. Luísa Caldeira,vitor69@example.org,(11) 92169-6050,1968-07-26
35359073300,Eduardo Pereira,pietro40@example.com,(11) 91817-7721,1958-03-12
64189628500,Matteo Montenegro,vinicius92@example.org,(11) 94452-8804,1959-02-19
99203192877,Breno Sá,lavinia53@example.org,(11) 98212-3673,1953-07-26
98924884666,Lucca Moreira,cavalcantemiguel@example.org,(11) 97235-9694,1978-07-29
22406113400,Luiz Miguel Fernandes,xguerra@example.org,(11) 92960-6273,1961-08-13
85449304844,João Lucas Barros,freitaseloa@example.com,(11) 98668-4791,1956-05-11
11165703433,Joana Cassiano,diegobrito@example.org,(11) 94665-6545,1946-11-07
22538166200,Sr. Pedro Lucas da Luz,wrios@example.org,(11) 93306-7067,1952-07-06
45166534511,Srta. Nicole da Mota,maysa38@example.org,(11) 97851-4129,1948-10-02
31948106500,Alana Silveira,joao-pedro25@example.org,(11) 96368-3371,1947-12-06
58889311100,Isadora Moraes,santosyuri@example.org,(11) 97880-4940,1946-02-19
70593123155,Marcela Peixoto,diogoda-paz@example.net,(11) 98726-8993,1973-08-22
42509606333,Alice Ribeiro,mmachado@example.net,(11) 94261-6169,1964-08-23
57882782100,Pedro Miguel Gonçalves,mariasampaio@example.net,(11) 91259-2123,1978-10-15
30775680200,Evelyn Fernandes,antonioalmeida@example.org,(11) 93333-7154,1990-01-11
10032189388,Maya Moreira,da-motadante@example.org,(11) 96750-9970,1965-01-19
52652953800,Agatha Cavalcante,gustavomontenegro@example.org,(11) 95265-7994,1976-09-02
33011047622,Natália Nogueira,casa-grandesarah@example.net,(11) 94863-6420,2000-10-10
80366955299,Sr. Josué Aragão,novaesluigi@example.org,(11) 94718-1638,1987-04-27
40193743333,Valentim Cirino,ecavalcante@example.com,(11) 94028-9193,1944-11-25
16777157077,Sra. Manuela Ferreira,alana71@example.net,(11) 95883-5044,1980-07-31
43906016288,Fernanda Viana,andradebryan@example.org,(11) 99241-9358,1992-12-23
42478764733,Esther Souza,luiza55@example.com,(11) 98086-6407,1989-02-14
29722153977,Sr. Rael Brito,samuel20@example.net,(11) 91963-8362,2006-07-12
63822237433,Cecília Pires,lucas-gabrieldias@example.org,(11) 99033-1881,1997-12-02
11300345855,Isaac Sousa,maria-vitoria04@example.com,(11) 97836-4356,1954-11-13
44903336177,Ana Vitória Gomes,earagao@example.net,(11) 98530-1247,1998-12-02
24437950633,Maria Cecília da Mota,maria-eduarda90@example.net,(11) 93244-2546,1946-01-29
56935610388,Lorena Aparecida,gabriel54@example.com,(11) 93088-7063,1957-11-21
42917577944,Daniela Moraes,paulofreitas@example.com,(11) 91464-8841,1994-09-08
10415865155,Daniela Mendonça,benicio25@example.net,(11) 96897-5365,1952-12-21
31058042000,Natália Sampaio,emanuellylima@example.com,(11) 98813-4887,1993-12-15
69856366166,Lorena Lima,nascimentomaria-eduarda@example.com,(11) 96934-3367,1983-02-12
63821223277,Caleb Borges,emanuel71@example.net,(11) 94200-8971,1995-06-10
77682705844,Luiz Felipe da Luz,caldeiraluiz-felipe@example.org,(11) 96428-3372,1967-08-10
82737163099,Dom Ribeiro,barbarapereira@example.net,(11) 91482-7347,1984-03-02
90829953955,Laís Rocha,isabelcunha@example.net,(11) 95436-6705,1973-11-30
45345425188,Benjamin Lima,eduardoferreira@example.com,(11) 97949-8703,2007-09-30
50909483644,Gael Henrique Duarte,benjamin99@example.com,(11) 94665-6915,1986-03-10
46731095700,Fernanda Costa,liam59@example.net,(11) 98822-6632,1963-10-26
77700187577,Stella Cirino,eviana@example.org,(11) 97124-8979,1980-08-22
63714438799,Isabella da Luz,nvieira@example.net,(11) 99665-1019,2005-11-28
73233400988,Liam Barbosa,cassianojuliana@example.org,(11) 97982-3150,1945-09-23
20906839100,Maria Vitória Pacheco,mendoncaana-vitoria@example.org,(11) 92841-1848,1982-08-12
89011688044,Agatha Novaes,livia58@example.net,(11) 92338-8806,1993-12-22
53596937111,José Câmara,igorporto@example.org,(11) 93891-9918,1949-02-08
88744519544,Alice Castro,emanuelly59@example.com,(11) 99099-8813,1945-11-16
58953131166,Leonardo Andrade,aparecidayago@example.org,(11) 98443-2932,1966-11-30
37576635944,Luiz Miguel Garcia,vpeixoto@example.com,(11) 99809-6024,2001-09-16
59542012422,Luan Cassiano,vieirapaulo@example.org,(11) 97674-7362,1966-02-16
71456004122,Henry Gabriel Aragão,rhavi20@example.net,(11) 91525-1805,1946-08-24
44475630611,Luana Marques,vitor-gabriel39@example.net,(11) 93113-4305,1999-09-23
18543234666,Breno da Cunha,vitor-hugo03@example.com,(11) 92024-6913,1993-05-20
79973238055,Sr. Breno Dias,isabelapastor@example.org,(11) 92681-5537,2003-11-06
42500908177,Natália da Mota,laiscirino@example.com,(11) 99462-6341,1986-01-29
52013623622,Júlia Moraes,hpinto@example.com,(11) 98846-5977,1948-09-16
11248287533,Maria Eduarda Rodrigues,caldeiraerick@example.com,(11) 97370-1593,1960-03-30
44228933000,Isabelly Freitas,milenamelo@example.org,(11) 94760-7011,1982-06-28
34853043011,Miguel Vieira,gjesus@example.org,(11) 91724-2785,2000-01-02
60990007399,Kaique Ferreira,emanuellyda-rosa@example.com,(11) 92556-5440,1990-01-17
64436662400,Mariana Montenegro,maria-lauraleao@example.com,(11) 92186-7547,2000-10-25
11403813188,Rodrigo Montenegro,xcostela@example.org,(11) 93226-6105,1996-04-12
13323317500,Maria Luiza Martins,kleao@example.com,(11) 94592-8906,1982-07-18
29639562588,Zoe Nascimento,stella86@example.com,(11) 91375-8559,2005-12-23
45196865711,Heloísa Casa Grande,da-matavicente@example.net,(11) 95173-3241,1993-02-16
56510108311,Vitor Albuquerque,kpastor@example.com,(11) 96729-3219,1964-07-08
81909617300,Ana Clara da Rosa,britoguilherme@example.org,(11) 96541-1978,1966-05-03
41369901466,Milena Porto,henrique27@example.org,(11) 93844-4286,1986-06-22
35379850022,Levi Mendonça,nsiqueira@example.net,(11) 98936-2095,1978-04-23
77724283755,Olívia Oliveira,juliada-mota@example.net,(11) 96270-7853,2006-05-09
97186491311,Vitor Gabriel Monteiro,fernandarocha@example.org,(11) 95162-9599,1960-08-08
43806615477,Eduardo Cardoso,rebeca37@example.net,(11) 96584-6719,1989-02-04
36198228166,Asafe Cunha,leaomaria-liz@example.net,(11) 91976-7165,1969-10-28
83816833199,Mariana Sousa,martinspedro@example.com,(11) 91216-8352,1961-11-08
55168338766,Anthony Gabriel Camargo,ncavalcanti@example.net,(11) 99946-4905,1994-05-14
13284703000,Juan da Cruz,zalbuquerque@example.org,(11) 94069-2500,1988-12-13
87119287788,Beatriz Sales,costaravi@example.org,(11) 96199-2354,1991-08-28
42933644200,Benicio Ramos,jjesus@example.org,(11) 93152-8035,1944-12-19
85314237911,Hadassa Aparecida,maria-vitoria88@example.org,(11) 91257-8632,1979-09-01
61740266711,Sabrina Viana,asafemartins@example.net,(11) 94443-5482,2006-10-10
27037022488,Yuri Souza,gomesisis@example.com,(11) 92674-4736,1969-10-15
88579975100,Anthony Garcia,luiz-miguelrezende@example.net,(11) 92066-3868,1978-12-14
78579220644,Guilherme Almeida,vasconceloshelena@example.org,(11) 92518-2890,2000-07-08
49316920288,Davi Lucca Lopes,luana24@example.com,(11) 94509-1574,1947-05-10
77186979755,Eduardo da Rosa,helena47@example.org,(11) 99503-9886,1949-06-12
33978774077,Bianca Montenegro,gaelramos@example.org,(11) 93582-5522,1959-07-14
42755634766,Srta. Ester da Cunha,silvalivia@example.org,(11) 95955-9016,1953-12-12
93057492088,Stella Mendonça,abreuclara@example.org,(11) 95741-4269,1996-09-07
38759280911,Hadassa Viana,sophie80@example.org,(11) 97242-3070,1974-09-19
36710646411,Esther Silveira,wpastor@example.org,(11) 94785-8302,1994-05-20
41209836500,Sra. Lunna Leão,maitecorreia@example.com,(11) 94120-6459,1957-10-06
48715947500,Maria Cecília Novaes,raquel24@example.com,(11) 98154-6623,1954-02-05
79200303744,Leandro Albuquerque,efreitas@example.net,(11) 91592-2943,1993-03-18
81986066888,Maria Luísa da Luz,novaesbenjamin@example.org,(11) 95810-1583,1952-03-07
69512009044,Sophie Souza,joao-gabrielfernandes@example.com,(11) 94805-2807,1951-08-07
89966022644,Anna Liz Rios,fariasisis@example.net,(11) 97995-6842,1948-04-01
15569985111,Ryan Ribeiro,pastorjoao@example.net,(11) 96825-1552,2007-09-10
21977363611,Bella Nunes,raquelaragao@example.net,(11) 99187-3158,1955-10-13
34202251488,Nicolas Pimenta,kporto@example.org,(11) 95733-6911,1996-03-08
98902985977,Bianca Souza,joaquim67@example.com,(11) 96581-8396,1973-03-18
75261231300,Maria Alice Rios,joao-gabrielborges@example.com,(11) 97248-2355,1999-09-15
92368069611,Jade Marques,garciaana-julia@example.org,(11) 95937-6239,1956-10-09
79284202955,Mariana Sampaio,vargaspaulo@example.org,(11) 91350-2402,1970-03-29
90778140000,Maitê Sousa,clarice17@example.org,(11) 99385-6120,1978-09-26
57808237233,Aurora da Conceição,souzamaria-flor@example.org,(11) 99810-3497,2001-07-05
21176752044,Eloah Ramos,da-conceicaomaria-liz@example.net,(11) 95005-9516,2005-06-03
63077839077,Alexandre Campos,eduardoalves@example.org,(11) 94190-6549,2001-06-07
72571785266,Maria Helena Caldeira,maria-florgomes@example.com,(11) 99691-4547,1965-04-18
33124163611,Lucca Gonçalves,zrocha@example.org,(11) 97228-5263,1948-08-19
98716848199,Laura Cardoso,andre57@example.com,(11) 97286-7101,1975-12-29
59940641499,Joaquim Lopes,ileao@example.com,(11) 96826-1904,1954-03-06
79524051444,Pedro Lucas Pires,lucas08@example.com,(11) 98990-1751,1963-08-17
95443189766,Vinicius Silveira,britocaua@example.org,(11) 96890-2847,1981-02-05
47548632088,José Vasconcelos,ada-rocha@example.org,(11) 91856-2609,1972-01-12
52599884500,Theodoro Teixeira,zbarbosa@example.org,(11) 92637-8906,1994-09-20
48437648099,Liz Rios,joao-pedro58@example.org,(11) 99458-8371,1993-03-29
39794707500,Olivia Rezende,sarafael@example.net,(11) 97743-6967,1957-01-13
63915968755,Vinicius da Cruz,eduardorodrigues@example.net,(11) 98599-1582,1958-04-02
45659246500,Kevin Pimenta,azevedoesther@example.org,(11) 91876-9512,1960-06-13
67379376599,Diego Cavalcanti,walmeida@example.org,(11) 97745-8264,2006-06-19
45764084455,Brenda Rodrigues,carolinapimenta@example.org,(11) 98938-8407,2001-11-27
70674278600,Enzo Gabriel da Rosa,gael-henrique26@example.net,(11) 96838-2715,1980-12-19
88657312733,Rafaela Leão,theoguerra@example.net,(11) 99100-5726,1978-04-27
41627662155,Dra. Luana Abreu,ana-juliaalves@example.com,(11) 95144-4737,1986-02-21
74033081744,Dr. Theodoro Jesus,rebecamartins@example.com,(11) 95194-4611,1963-07-22
60053284411,Isabela Alves,salesisabel@example.org,(11) 95125-7625,1961-10-30
49390611322,Ana Laura Nascimento,bpacheco@example.com,(11) 93917-8832,1948-11-19
22001513733,Camila Nascimento,da-cunhaana-sophia@example.com,(11) 99535-8260,1985-10-18
35774448000,Marcela Nogueira,leo21@example.net,(11) 99629-1867,1955-06-22
19453674233,Isis Nunes,vitoria15@example.net,(11) 95246-4777,1975-01-17
76450194688,Sra. Antonella Teixeira,isabella95@example.net,(11) 97296-3757,1972-05-26
88452629877,Dra. Maria Fernanda Nascimento,araujomaria-helena@example.org,(11) 95626-4187,1945-03-05
92930040388,Maria Flor Alves,lizramos@example.org,(11) 92139-6879,1984-11-28
62408245855,Gabriel Moura,peixotoisabella@example.com,(11) 91873-2735,1952-12-02
78560824455,Lucca Nogueira,pastorlaura@example.com,(11) 99875-1348,1968-06-23
32145257355,Luísa Araújo,maria-luizada-mota@example.org,(11) 94414-2372,1998-02-14
46555606733,Dr. Eduardo Leão,caio60@example.org,(11) 93213-9494,1997-04-19
27117233488,Dr. Lucas Silva,dalves@example.org,(11) 98679-2802,1964-05-08
57574925977,Asafe Viana,agatha88@example.com,(11) 93285-3321,1952-09-29
32131162200,Lívia Correia,viniciuspimenta@example.org,(11) 96555-7817,1953-11-20
83204203000,Pietra Cirino,bda-mata@example.com,(11) 92190-8250,1949-06-17
40079378699,Sr. Joaquim Caldeira,dcastro@example.com,(11) 94568-6979,2005-08-18
45193838466,Asafe Borges,maite29@example.com,(11) 93162-9070,1948-07-01
27059764500,Heloisa Marques,wcostela@example.net,(11) 92389-3755,1981-03-18
46922290800,Ana Beatriz da Mata,sofia93@example.net,(11) 99004-1476,1961-02-20
89857409899,Aurora Cavalcante,maria-isisalves@example.net,(11) 94362-5383,1949-07-13
51356749266,Aylla Moreira,joao-felipe78@example.net,(11) 96313-5791,1961-07-18
72935754677,Sr. Calebe Nogueira,ana-claraviana@example.net,(11) 97431-2109,1986-07-09
70712680888,Ana Lívia Alves,gael29@example.org,(11) 91650-4671,2006-01-10
32509440688,Isis Nascimento,isadora36@example.com,(11) 93871-7927,1947-12-26
10141648500,Gustavo da Mota,cauaguerra@example.org,(11) 94847-9788,2006-03-22
12113206500,Enrico Moraes,fariasgael@example.com,(11) 94626-7910,1960-05-28
59488614144,Maria Liz Nascimento,esther67@example.net,(11) 94066-2189,1962-11-29
79289922300,Leandro Nunes,freitasantonella@example.net,(11) 96055-2048,1980-11-14
63594403855,Marcos Vinicius das Neves,rochaantonio@example.org,(11) 99470-8844,1961-03-28
43258587099,Melina Cavalcanti,nataliacavalcanti@example.org,(11) 93808-9797,1958-01-19
74538967033,Yan Souza,macedoguilherme@example.org,(11) 92015-9609,1999-09-05
40900361433,Sr. Renan Cunha,luan88@example.net,(11) 92927-2829,1961-10-04
64593925522,José Pedro Nascimento,alicianunes@example.net,(11) 99953-3324,1966-12-09
14370442044,Anthony Barros,bento60@example.com,(11) 91140-6320,1991-11-14
32958988988,Noah Silveira,santostheo@example.net,(11) 93917-1397,1971-01-31
97096077588,Luiz Fernando Ferreira,laurapinto@example.com,(11) 91595-3446,1960-10-19
46763943655,Leonardo Marques,silvajoao-lucas@example.com,(11) 91116-5696,1963-02-17
46848166644,Srta. Heloisa Duarte,vgomes@example.org,(11) 93584-3867,1957-05-26
42723946733,Dr. Lucas da Costa,isabelly01@example.com,(11) 93606-4016,1976-01-09
23151029799,Ana Carolina Barbosa,ana-juliamonteiro@example.com,(11) 95840-4184,1975-02-11
38750280311,Gustavo Rocha,paulo58@example.org,(11) 96613-6831,2007-03-22
57038122833,Luana da Mota,mmendes@example.com,(11) 95561-8101,1985-04-11
65993398677,Dra. Júlia Caldeira,manuella37@example.org,(11) 94603-2029,1986-08-15
55868686877,Marcelo Borges,vsampaio@example.org,(11) 91429-8500,1996-12-17
72155174466,Daniela Sales,garciatheo@example.net,(11) 96492-4142,1995-04-24
15977860122,Olivia Barros,mariane60@example.com,(11) 97529-6342,1997-08-17
72097620600,Dr. Lucas Gabriel Macedo,clariceda-rosa@example.net,(11) 98048-6109,1994-03-29
66518306199,Mateus da Rocha,souzafernando@example.com,(11) 95460-8171,1947-04-28
34167269288,Esther Sales,gabriellysilva@example.org,(11) 95297-7103,1962-03-13
23503531411,Juan Carvalho,luisa17@example.org,(11) 92303-5448,1962-02-23
19581980211,Aylla Abreu,lavinia30@example.net,(11) 99228-3995,2003-10-16
27422056088,Yago Cardoso,natalia69@example.net,(11) 94915-1436,1985-07-11
38945377288,Vitória Sousa,tfonseca@example.com,(11) 97233-7900,1982-02-14
65225708588,Sarah Pinto,larajesus@example.org,(11) 94891-1525,1963-11-19
44890187111,Maria Flor Rios,costaisabella@example.net,(11) 99115-8307,1997-03-16
47035171833,Sofia Nogueira,drios@example.com,(11) 95248-9070,1992-04-17
78818191033,Eduarda Câmara,xda-cruz@example.net,(11) 95319-4326,1950-07-07
99324205144,Sr. Cauã Montenegro,leo51@example.org,(11) 97497-6090,2007-11-05
33061549899,Alice Cunha,sagabriela@example.net,(11) 93643-8809,1949-10-04
88197156000,Ana Luiza Farias,da-luzlorenzo@example.net,(11) 95679-1405,1968-08-05
73192036266,Lucas Gomes,davi-lucas53@example.com,(11) 99195-5225,1998-04-13
68558074022,Diego Lopes,mcasa-grande@example.net,(11) 97115-3467,1954-01-16
48666009266,Dr. Danilo Lopes,maria-clarapastor@example.org,(11) 95941-2706,1974-08-02
37624133555,Benjamim Silva,pietra56@example.com,(11) 97081-3067,1952-10-24
13992833599,Igor Marques,gcunha@example.net,(11) 94604-4802,1968-05-16
74987169333,Théo Leão,da-matalunna@example.org,(11) 94109-2726,1967-08-12
23686814344,Théo Garcia,tferreira@example.net,(11) 91739-8495,1995-02-26
63901076411,Isabel Viana,evelynsampaio@example.com,(11) 95208-3334,1999-04-17
35899804511,Dr. Ravy Pinto,lpeixoto@example.com,(11) 99976-1600,1954-11-14
86254275022,Thiago Lopes,martinsmelissa@example.net,(11) 97439-5900,1962-07-16
40580249333,Sr. Enrico Rezende,kcavalcante@example.org,(11) 92527-9982,1984-05-22
13628226477,Giovanna Brito,guilhermeoliveira@example.net,(11) 96237-3685,1954-11-04
75211844599,Maya Souza,helenaduarte@example.com,(11) 98448-3136,1946-09-06
62372392000,Isaque Barbosa,gabriellyda-paz@example.org,(11) 94652-6843,1961-11-13
23910096077,Laís Aragão,ottomoreira@example.net,(11) 94915-4415,1954-02-08
75432731877,Luigi Barbosa,xvargas@example.net,(11) 99426-6050,1958-08-21
58280314144,Olivia da Mata,thomas05@example.net,(11) 95456-2808,1994-10-21
32935899444,Srta. Caroline Moraes,caue14@example.com,(11) 97336-4902,1986-06-24
19843092266,Sophie Santos,correiabenjamim@example.net,(11) 98505-3512,1984-12-07
64306988311,Zoe Campos,ecorreia@example.com,(11) 93847-4703,1962-01-28
73830988899,Renan Azevedo,theodoro74@example.org,(11) 98572-1676,1988-10-29
82141648855,Caroline Rezende,mendoncagael@example.com,(11) 99989-5629,1960-12-10
47646829822,Yuri Garcia,rafaelagoncalves@example.net,(11) 92919-4391,1997-10-10
43135147755,Ryan Nogueira,vguerra@example.net,(11) 93933-8450,1970-07-22
92484487800,Dra. Mariane Caldeira,juan92@example.com,(11) 93935-2975,1949-03-23
50057255711,Bella Monteiro,sampaiomaria-flor@example.com,(11) 91084-2186,1990-12-25
95798435977,Maria Isis da Rosa,joao-guilhermenovaes@example.com,(11) 99399-3711,1982-05-28
34304366300,Isaac da Costa,da-rosamanuela@example.com,(11) 94070-6187,1965-04-28
16011105455,Asafe Ferreira,vitormoura@example.net,(11) 97492-9603,1990-12-14
34170114933,Dr. Leonardo Caldeira,xnovaes@example.org,(11) 92724-7394,2005-09-19
67198142733,Fernanda Cassiano,cecilia35@example.org,(11) 96207-7834,1959-02-19
71602109488,Joaquim Cunha,hcavalcanti@example.org,(11) 91884-3259,1982-10-31
40513894999,Dr. Dom Martins,cdas-neves@example.org,(11) 96602-8589,1948-12-30
91029435300,Breno Teixeira,leaojoao-felipe@example.net,(11) 95638-1448,1949-12-17
68467327800,Srta. Maria Isis Vargas,jade38@example.net,(11) 91899-6973,1972-07-31
81841640099,Igor Martins,caue53@example.org,(11) 97045-6542,1978-09-10
44170901900,Mateus Fernandes,wcaldeira@example.org,(11) 93488-2071,2002-07-29
62307511866,João Brito,ravyda-luz@example.com,(11) 95419-4833,1989-11-23
93321786822,Thales Barros,rvasconcelos@example.org,(11) 98268-3031,1992-06-17
70577582866,Sra. Ana Julia Andrade,qfarias@example.org,(11) 95040-5299,1953-11-20
25281879633,Ian da Mota,nicolasalves@example.net,(11) 99132-6557,1961-06-25
89277326699,Joaquim Melo,camargorafaela@example.org,(11) 95127-6006,1946-01-27
89613926200,Sr. Leandro Rios,ana-ceciliasales@example.net,(11) 96828-6753,1959-02-19
72864606411,Eduardo Montenegro,jadecamara@example.com,(11) 98654-5935,1959-05-19
14902561488,Sr. Benicio Carvalho,azevedodavi-luiz@example.net,(11) 93919-8877,2001-12-16
25280974766,Miguel Fernandes,kpires@example.net,(11) 94460-8410,1960-03-29
43971580377,Gabriela Pastor,emanuella82@example.net,(11) 96496-6328,1978-09-06
50344596988,Eduarda Fogaça,borgesbreno@example.net,(11) 99736-9487,1981-01-30
55652495111,Vitor Gabriel Dias,freitasyuri@example.com,(11) 97618-6215,1968-09-05
88237636499,Maria Julia Correia,fcaldeira@example.com,(11) 96841-7219,1966-10-11
22630251200,Vitor Carvalho,eduardo84@example.net,(11) 93402-4708,1990-01-14
45089163766,Jade Mendonça,fazevedo@example.org,(11) 98428-4465,1989-05-12
55967502800,Luiz Miguel Sampaio,tsales@example.org,(11) 91469-7187,2006-01-07
78239428600,Luiz Otávio Cirino,evelyn55@example.net,(11) 98847-2389,1997-05-11
49538709999,Camila Brito,rebeca92@example.org,(11) 95296-3792,1980-09-24
60249183133,Emilly Brito,kfreitas@example.org,(11) 96581-8603,1949-08-25
63167411111,Alexia Teixeira,britodom@example.com,(11) 96461-3419,1978-09-04
34693817399,Lavínia Moreira,luiz-henrique54@example.com,(11) 91847-9560,1948-06-21
47364750644,Bryan Pinto,ppastor@example.org,(11) 94480-3613,1963-03-01
85181612666,Ana Luiza Pastor,pachecoisabelly@example.net,(11) 93325-2694,1945-01-26
39216045911,Stella Pacheco,valentimfernandes@example.com,(11) 91310-9590,1964-02-25
65538455577,Dr. Benício Borges,biancapeixoto@example.net,(11) 93927-9919,1966-08-28
64026490744,Nicolas Oliveira,machadooliver@example.net,(11) 96571-4038,1969-01-12
27125755711,Kamilly Melo,ecosta@example.org,(11) 92878-6680,1986-06-05
23751377100,Kamilly Viana,rafaela16@example.org,(11) 97516-9862,1980-06-30
53850839766,Gabriela da Costa,ana-clara53@example.org,(11) 91742-5475,2007-10-08
56998216788,Rael Novais,rebeca83@example.com,(11) 93913-4406,1960-01-05
26786018388,Apollo Abreu,kda-rocha@example.net,(11) 99478-6219,1975-10-30
37447572500,Sra. Gabrielly Azevedo,vitor-gabrielgomes@example.net,(11) 92159-5427,1953-03-07
49463408588,Joana Duarte,benicioleao@example.org,(11) 91882-1572,1966-07-25
83547324877,Maria Laura Martins,jesuseduarda@example.net,(11) 95385-6159,1982-06-08
67550105100,Valentim Garcia,maria-luiza89@example.com,(11) 99581-8597,1965-04-26
19737642455,Luana Campos,guerraemilly@example.net,(11) 91406-1254,1973-04-10
30402490611,Yan Aragão,raelsampaio@example.net,(11) 98841-3542,1977-03-19
21153219522,Miguel Oliveira,dcavalcante@example.com,(11) 92317-3612,1997-03-22
22119759333,Dom Machado,martinsliam@example.net,(11) 99094-5892,1990-12-30
66984900322,Lara Vargas,vinicius77@example.net,(11) 98736-6930,1961-06-10
11208386577,Bruna Silva,ecostela@example.org,(11) 97867-9156,1978-04-20
98249679900,Ísis Viana,ana-livia01@example.com,(11) 96014-8469,1960-04-24
79490226711,Isis Fogaça,maria-lizbarbosa@example.org,(11) 99026-8838,1950-05-05
24250538244,Heloisa Lopes,milenasantos@example.net,(11) 98523-1668,1951-05-13
46018019400,Pedro Melo,pachecoayla@example.com,(11) 93700-5690,1992-10-11
10266956277,João Gabriel Costela,monteirohenry@example.com,(11) 97764-2317,1988-08-23
73649385677,Mathias Aparecida,kcassiano@example.org,(11) 96084-9403,1951-11-23
93192901488,Lucca Rezende,novaesraul@example.com,(11) 92842-9973,1965-01-08
35785379933,Antônio Ferreira,isadora66@example.org,(11) 99735-5140,1991-09-26
96882091555,Luiz Miguel Ribeiro,henry13@example.com,(11) 92572-8807,1971-04-03
75007587233,Laura Marques,mathias69@example.net,(11) 95373-4367,1986-10-12
51082700700,Dr. Cauê Sampaio,guilherme22@example.com,(11) 94885-2460,1966-03-02
39422676400,Ian Teixeira,rodrigo43@example.net,(11) 94757-7013,1952-02-08
90851903555,Bryan Camargo,leaoisadora@example.com,(11) 99018-4970,2002-07-30
86547149999,Theo Dias,pintoaugusto@example.org,(11) 98760-1249,1948-02-18
13740032633,Dra. Ana Lívia Nunes,joao-guilhermemoura@example.org,(11) 98153-9591,1970-08-20
66246129244,Jade da Paz,anthony-gabrielsousa@example.com,(11) 93111-6210,1954-10-15
98681120877,Sr. Vitor Gabriel Silveira,fernandesrael@example.com,(11) 99462-8859,1963-09-24
60154431544,José Pedro da Paz,allanacosta@example.com,(11) 93226-4316,2005-01-11
69017694666,Marcela da Rosa,apollo55@example.org,(11) 97736-6562,1948-02-21
10347822400,Fernando Pires,alana68@example.org,(11) 99572-5024,1983-06-15
72134990500,Kaique Cunha,oliviasampaio@example.org,(11) 95530-5919,1953-06-20
78607305888,Maria Liz da Luz,araujomaria-cecilia@example.net,(11) 96839-1921,2006-01-14
96047901455,Arthur Moura,moreirayuri@example.com,(11) 95976-8073,1969-09-30
76974644200,Sr. Paulo Siqueira,luna81@example.net,(11) 94015-1703,1963-08-09
85737495988,Calebe Costela,enzo29@example.org,(11) 98470-4847,1972-04-17
72483325500,Sabrina Fogaça,danilo87@example.net,(11) 95515-6501,1955-12-27
54782568977,Ana Sophia da Mata,jmoraes@example.org,(11) 95814-4418,1999-02-22
54123470611,Maria Clara Costela,josue58@example.net,(11) 99457-7785,1985-10-21
18825851000,Dr. Rodrigo Brito,ana-vitoriafreitas@example.net,(11) 91958-3930,1954-04-08
28252074466,Vitor Gabriel Pastor,ida-mata@example.com,(11) 99543-5339,1978-08-19
47479219666,Alexia Siqueira,anna-lizmacedo@example.com,(11) 93578-6626,1958-11-01
87808519400,Eduarda da Conceição,yalmeida@example.net,(11) 93577-3951,1960-06-11
20213151699,Antônio Cavalcante,joao-vitor85@example.org,(11) 97199-1676,1950-04-27
68068298644,Sr. Ian Costa,melinadas-neves@example.org,(11) 91796-7156,1962-08-27
72591361111,Vitória Cirino,heloisasousa@example.com,(11) 95033-1695,1945-03-17
96984188900,João Vitor Macedo,camposisadora@example.net,(11) 91609-7953,1970-10-19
14562146599,Dra. Stephany Aparecida,vitorpeixoto@example.com,(11) 93025-2163,2004-03-04
53466658977,Davi Monteiro,lizcarvalho@example.net,(11) 95017-5850,2004-02-25
64583087600,Maria Clara Jesus,milenamonteiro@example.org,(11) 93968-6504,1964-08-18
54717651255,Levi Siqueira,vjesus@example.net,(11) 96528-4889,1946-03-19
73413492122,Vinicius Nascimento,costaleo@example.com,(11) 96024-6816,1974-12-10
68201389544,Augusto Fonseca,nunesotto@example.org,(11) 97489-8876,2000-08-12
10768584577,Davi Miguel Cirino,manuela33@example.com,(11) 92656-8784,1957-09-10
32595028311,Eduarda da Paz,fguerra@example.org,(11) 94048-7310,1951-10-15
14534288799,Laís da Costa,lcosta@example.net,(11) 99529-9051,2003-11-25
35365576199,Luara Caldeira,rda-mota@example.net,(11) 91715-1249,1964-05-22
63467046644,Sophia Jesus,luiz-henrique87@example.com,(11) 94699-7539,1981-10-14
67991005400,João Pedro Moura,abreuclarice@example.com,(11) 94617-6180,1965-01-02
26523145300,Allana Guerra,ramosfernando@example.com,(11) 97442-6263,1964-02-19
35394441144,Yasmin Alves,eduardasa@example.com,(11) 99371-5754,1977-12-20
37090468744,Vitor Gabriel Borges,luanafreitas@example.org,(11) 97926-9342,2000-09-08
93980215288,Lavínia Viana,siqueiratheodoro@example.com,(11) 96812-4716,1974-07-20
37624183577,Maria Julia Cassiano,diogolima@example.net,(11) 91827-4975,1978-12-08
89688531699,Giovanna Mendonça,gabriellycavalcanti@example.com,(11) 98599-6559,1991-01-15
93987312822,João Pedro Rodrigues,luiz-henrique92@example.net,(11) 91313-2422,2003-07-31
12971828200,José Correia,levida-luz@example.org,(11) 91962-9929,1959-03-10
61974658844,Jade da Cunha,antonella95@example.net,(11) 91539-2530,2005-07-09
14271624411,Sr. Luigi da Cruz,mendespedro-lucas@example.org,(11) 95305-2976,1976-11-20
99715544100,Maria Júlia Oliveira,ogarcia@example.org,(11) 92203-7959,1975-12-11
38048537811,Renan Cirino,marina69@example.com,(11) 97056-4994,1972-07-29
12144052077,Olivia Albuquerque,pachecomanuella@example.org,(11) 95713-7344,1968-05-27
19430105522,Sra. Ester Ribeiro,pietrada-rosa@example.org,(11) 95561-6343,1988-11-18
10022516644,José Porto,apollo02@example.net,(11) 98248-8663,1987-04-21
24534161700,Emilly Cardoso,julia46@example.com,(11) 97407-7960,1979-04-09
13538717700,Srta. Isabel Cavalcanti,emillygomes@example.org,(11) 94854-5682,2005-01-07
76282579099,Camila Carvalho,nascimentobenicio@example.org,(11) 91909-4311,1975-11-23
78310007633,José Nascimento,barbosaana-carolina@example.org,(11) 96583-9798,1988-04-28
92570068166,Pedro Miguel Pimenta,portojose-pedro@example.com,(11) 95024-2454,1966-09-06
57702415600,Rebeca Silva,gda-cunha@example.org,(11) 93308-2924,1948-03-28
52936799888,Maria Eduarda Duarte,vieiraheloisa@example.com,(11) 94241-3532,1992-10-26
42568085077,Emanuella Martins,azevedoyago@example.net,(11) 98047-1604,1990-05-15
86445292344,Srta. Aylla Cavalcanti,wvieira@example.org,(11) 94910-4718,1987-02-23
34774769999,Julia Novaes,rezenderafaela@example.net,(11) 98407-3036,1998-11-25
35601100500,Marcelo Campos,brenda05@example.com,(11) 91949-3271,1970-05-27
52909069755,Pedro Miguel Barros,luigialbuquerque@example.com,(11) 91618-8543,2000-08-25
57755356777,Thiago Cardoso,ana-beatrizmoura@example.com,(11) 95200-5423,2005-07-09
45354708800,Arthur Miguel Farias,leaothomas@example.org,(11) 96083-5951,1949-01-30
29499283900,Cecília da Costa,vinicius50@example.org,(11) 91992-4570,1993-06-25
81447716055,Kevin Viana,eda-mota@example.com,(11) 91450-7210,2005-12-20
37579000300,Luiz Miguel Cardoso,leonardo31@example.com,(11) 98500-3741,1956-03-19
19781703511,Leonardo Freitas,da-costaantonio@example.net,(11) 97431-9712,1951-03-22
95607945822,Ana Júlia Cirino,da-cunhamanuella@example.com,(11) 99388-3766,1949-06-20
70457391688,Nicolas da Cruz,gaelsales@example.org,(11) 96880-6041,1989-05-29
11550749399,Agatha Ferreira,zduarte@example.org,(11) 95797-4567,1985-01-12
67782458088,Sr. Gustavo Leão,lavinia32@example.com,(11) 92950-6874,1989-08-12
78364548277,Leonardo da Mata,limalucca@example.net,(11) 93667-3130,1974-09-07
76555681899,Srta. Alícia Silveira,wcosta@example.net,(11) 92214-3986,1971-04-01
92505122100,Mathias Aragão,luiz-felipe97@example.org,(11) 97007-4940,1967-02-05
12128542099,Gabriel Fogaça,mariana81@example.com,(11) 91686-5425,1952-11-16
59930624955,Isaac Montenegro,oliveiramaysa@example.net,(11) 98846-3327,1975-08-22
68316308200,Maya Sales,abreulaura@example.net,(11) 97522-8270,1945-03-18
77173986722,Gabriel Novais,josue74@example.com,(11) 98194-5953,1953-01-01
40230251433,Luiz Felipe Silva,alice99@example.net,(11) 96077-5604,1985-08-29
75063254388,Otávio da Luz,rochapedro@example.net,(11) 96541-3926,1994-04-19
98724155600,Dra. Ísis da Costa,kdias@example.com,(11) 99862-2229,1949-02-13
17934968700,Eduardo Martins,gael-henrique52@example.com,(11) 93663-4617,1985-06-19
29403677366,Kevin Aparecida,frios@example.net,(11) 98938-3639,1946-01-15
33279795022,Lucas Gabriel Ramos,zcamara@example.com,(11) 99858-1385,1960-10-17
38319096100,Leandro Sales,joao-felipe65@example.net,(11) 94525-6497,1957-04-25
91606401388,Sr. Rhavi Barros,vianaana-luiza@example.net,(11) 95658-7036,2004-05-21
72863591500,Eduarda Nascimento,eda-costa@example.org,(11) 98268-3084,1987-05-23
49746409688,Benjamim das Neves,agatha90@example.net,(11) 92286-9552,2004-01-23
74101911399,Ravy da Cruz,rodriguesdavi-lucca@example.com,(11) 93832-5918,1992-04-15
38033679055,Dra. Ana Liz da Cruz,alicesales@example.net,(11) 94895-9804,1989-12-20
50580662977,Nicole Cassiano,da-matamaria-sophia@example.com,(11) 95088-2253,2003-01-23
27717984500,Srta. Ayla Fernandes,brunogomes@example.net,(11) 99591-3196,1966-10-24
78764255422,Olívia Cavalcanti,davi-lucasbrito@example.org,(11) 96054-4228,1952-07-05
39394966000,Vitor Hugo Cunha,gazevedo@example.com,(11) 95707-4819,1982-06-30
22333712677,Ryan Pinto,luiz-miguelporto@example.org,(11) 99974-8928,1970-10-03
23349028299,Dante Silva,sofia67@example.net,(11) 95115-2639,1956-12-08
58983657888,Isabel Nunes,freitascaua@example.com,(11) 96978-7089,1948-02-11
55371529677,Marina Mendes,davi-luiz32@example.org,(11) 93887-7677,1995-01-14
65267412666,Heloísa Martins,maria-liz47@example.com,(11) 97841-9824,1959-07-08
35001833955,Lucas Gabriel Pacheco,mmoraes@example.org,(11) 99039-9415,1952-07-04
74045396688,Ravi Lucca Carvalho,ayllamartins@example.org,(11) 96742-2423,1976-12-18
34955618200,Ágatha Novaes,wjesus@example.org,(11) 93357-1265,1996-10-09
45978331299,João Guilherme Rocha,aylamendes@example.com,(11) 91630-3726,2003-04-04
10073163222,Isaque Fogaça,zrezende@example.org,(11) 92022-7769,1998-11-09
74977028744,Luiz Gustavo Vasconcelos,lavinia59@example.com,(11) 98650-9983,1981-01-29
72474664300,Dr. Ian Guerra,ana-beatrizdias@example.net,(11) 99176-3285,1988-06-28
55762623444,Stephany Vargas,gael87@example.org,(11) 97662-2416,1983-01-29
90728227300,Ana Clara Sousa,lara01@example.org,(11) 93308-7649,1962-11-13
70879160500,Davi Lucca Rocha,hadassa61@example.net,(11) 93126-4501,1997-08-13
94556159166,Dr. Dom Novais,monteirodavi-miguel@example.org,(11) 95637-7765,1967-05-26
95167691288,Gael Henrique Gomes,isilveira@example.com,(11) 94160-3352,2001-12-23
71479187544,Maria Flor da Paz,joao-guilherme64@example.org,(11) 99082-4368,1972-03-26
94436758544,Vitor Hugo Fernandes,daniloborges@example.org,(11) 93033-3628,1950-09-15
14515599177,Laís da Rocha,augustomonteiro@example.com,(11) 91680-4320,2001-03-18
61307698733,Ana Vitória Rezende,benjaminramos@example.net,(11) 94284-3628,1972-08-21
60436255477,Rebeca Nunes,pedro-miguel42@example.org,(11) 93636-6368,1971-01-06
37827683888,Renan Pereira,riosevelyn@example.net,(11) 95475-4510,1973-08-07
44213098855,Sr. Bryan da Cruz,stellamendes@example.net,(11) 93148-3768,1992-12-06
14928516122,Carolina da Conceição,enricomelo@example.org,(11) 93462-3547,1999-11-01
75890232211,José Pedro Martins,vicente60@example.com,(11) 97875-3431,1997-07-14
17613335266,Ana Cecília Pastor,luiz-miguelcavalcanti@example.org,(11) 98898-5951,1960-08-29
28368642222,Davi Luiz das Neves,wpinto@example.net,(11) 94690-7577,1964-09-03
51729567199,Ana Porto,tsilva@example.com,(11) 91517-7135,1988-02-07
18129868077,Srta. Emanuella Aragão,moreiratheo@example.org,(11) 95785-8122,1996-10-23
58767788855,Ester Machado,murilo85@example.net,(11) 92253-3236,1953-03-10
28122552855,Cecilia Porto,cguerra@example.net,(11) 99242-2331,1984-01-10
18181562533,Lucas Gabriel Correia,davi50@example.net,(11) 98414-5049,2005-02-16
95498274700,Laís Pereira,julia48@example.com,(11) 92771-1062,1949-06-26
69025537500,Ana Liz Azevedo,ana-clara03@example.net,(11) 95751-9033,1992-02-02
21232200199,Marcelo Rocha,lizmendes@example.com,(11) 99596-8995,1987-02-16
41124526599,Maysa Rios,nicolas45@example.com,(11) 98201-8977,1946-04-15
96789111755,Mariana Abreu,mteixeira@example.net,(11) 95276-3346,1997-04-30
91428351600,Maria Sophia Monteiro,marianeduarte@example.net,(11) 96552-9533,1978-12-20
14590313933,Antonella da Rocha,lmartins@example.com,(11) 92219-7452,1993-06-15
45958878411,Maria Helena das Neves,calebe81@example.org,(11) 98050-1654,1995-10-07
52833846322,Dr. Arthur Correia,rebeca84@example.com,(11) 92619-2623,1954-04-28
49725561888,Daniel Cavalcanti,kaique77@example.com,(11) 99004-6433,1998-06-05
80888444100,Leonardo Pinto,da-rochaantonio@example.org,(11) 97221-3237,1949-06-16
99450539066,Dra. Esther Costa,fogacaleticia@example.com,(11) 99479-2729,1966-01-18
56683759600,Clarice Novais,leaoanna-liz@example.net,(11) 93462-3245,1987-11-03
58249656255,Olivia Gomes,cassianohadassa@example.net,(11) 92425-4011,1973-04-07
24544912222,Ana Laura Rios,fernandaazevedo@example.org,(11) 96998-4380,1986-06-20
80389804688,Hadassa Sousa,emanuel23@example.com,(11) 94956-9245,1962-10-06
44701327999,Clarice Novais,araujoluiza@example.net,(11) 91304-6396,1954-07-15
55112037188,Calebe Lopes,da-cruzjoao-vitor@example.net,(11) 97293-8932,2005-02-20
87279732555,Alícia Correia,nramos@example.org,(11) 94519-5281,1987-10-16
95405263888,Srta. Emilly Pinto,kaique72@example.com,(11) 97718-2327,1956-09-29
79149695833,Raquel Cunha,gomescaroline@example.com,(11) 92232-1223,1994-03-09
66113960800,Sra. Valentina Jesus,mrocha@example.net,(11) 95012-1506,1956-02-11
49181867699,Maria Clara Alves,esthergoncalves@example.com,(11) 99353-8707,1969-08-08
40563295088,Enzo Teixeira,caueborges@example.net,(11) 91276-4559,1993-09-30
15673594422,Srta. Joana Alves,ycavalcante@example.org,(11) 92399-9231,1968-12-25
60594064088,Gael Henrique da Paz,benicio05@example.org,(11) 97874-2051,1993-05-19
33046486077,Sr. Thiago Macedo,casa-grandejose@example.org,(11) 95215-4691,1945-08-06
81142291011,Maria Flor Moraes,epimenta@example.com,(11) 97041-3738,1989-06-19
69934867688,João Miguel Cavalcanti,erezende@example.net,(11) 95798-3971,1990-01-23
97722417733,Diogo Guerra,maite60@example.net,(11) 91178-9206,2005-12-03
14740572500,João Vitor Alves,fogacamaite@example.net,(11) 95743-6366,1955-04-08
21877698011,Sarah Silveira,amanda10@example.org,(11) 95462-2484,2005-12-25
31908396466,Yan Andrade,mateus69@example.net,(11) 93462-7954,2000-01-17
87113197122,Catarina Macedo,ana-luiza34@example.net,(11) 91655-6395,1956-12-05
48444807900,Cecilia Siqueira,aliciaborges@example.org,(11) 91811-6488,1952-08-16
24892931333,Natália Andrade,araujojoao-lucas@example.com,(11) 95468-7631,1995-05-08
90878062300,Srta. Sofia Almeida,cavalcantisarah@example.org,(11) 93070-4476,1977-12-30
62867729522,João Miguel Casa Grande,isabelamarques@example.com,(11) 97566-6460,1963-01-24
38682257144,Maria Luísa Campos,rsilveira@example.net,(11) 93190-4923,1999-04-17
15961670411,Alana Peixoto,jgoncalves@example.com,(11) 92517-1672,1949-06-12
66532872544,Sophie Pinto,mcarvalho@example.com,(11) 96020-6171,1980-11-30
11913446577,Yan Melo,dantedas-neves@example.org,(11) 95549-4041,2001-09-18
39717267800,Dr. Mathias da Luz,marcelagarcia@example.org,(11) 96887-8947,1979-05-13
27099973044,Kaique Nunes,rborges@example.com,(11) 92934-1568,1999-10-21
66696097522,Srta. Antonella Carvalho,jesuscaua@example.org,(11) 95290-1736,1957-04-04
17066525855,Ana Cunha,luara44@example.com,(11) 95974-6033,2001-06-20
10709134488,Luan Siqueira,melogael-henrique@example.com,(11) 94012-8414,1971-05-22
38724568577,Bella da Costa,thiagoviana@example.com,(11) 93519-1061,1952-10-05
24187399100,Henry Gabriel Campos,helena06@example.org,(11) 93790-5406,1973-09-08
93582264200,Sophie Lima,vmoreira@example.net,(11) 97271-3748,1991-09-15
91536660388,Maria Liz Marques,thales77@example.com,(11) 94437-1551,1947-06-11
20852354333,Manuela Jesus,mateus61@example.com,(11) 98579-9137,2004-01-06
95018831400,Srta. Stephany Marques,juliananascimento@example.org,(11) 91765-6456,1967-04-20
51014175055,Sr. Bruno Cirino,valentimcassiano@example.net,(11) 93546-2994,1954-11-03
69972919022,Sophia da Cunha,pereiraeduarda@example.org,(11) 96558-3056,1945-10-30
59168440000,Bruna da Cruz,vitoria05@example.net,(11) 94435-5330,1990-12-09
89836805988,Otto Cavalcanti,mathias15@example.org,(11) 98911-8468,1972-09-21
70253102399,Lara Mendonça,almeidastephany@example.com,(11) 95436-8187,1979-02-23
46395754911,Sarah Rocha,vrodrigues@example.org,(11) 91398-5374,1966-06-02
18689526300,Léo Aparecida,pastorolivia@example.org,(11) 92831-4699,2005-06-23
55031155200,Pietro Sampaio,ralmeida@example.com,(11) 91260-4466,1990-03-09
12475235433,Maria Laura Marques,alicegoncalves@example.net,(11) 93952-9776,1963-04-18
64759069999,Alexandre Vasconcelos,laura43@example.org,(11) 92698-1762,1995-02-09
31441463822,Isadora Porto,bella30@example.net,(11) 95072-4572,1957-03-10
40888607055,Leonardo Barros,camaracamila@example.net,(11) 99858-8535,1980-06-22
39011821877,José Pedro Vieira,sampaioluara@example.net,(11) 95544-9749,2005-10-17
51199426877,Valentim Cunha,sophia20@example.org,(11) 98981-9237,1972-01-30
91233752999,Ravi Lima,bella27@example.org,(11) 99125-4716,1955-06-23
30238614633,Rhavi Vieira,tcarvalho@example.com,(11) 97900-5734,1951-07-23
49422240200,Sr. Paulo Vieira,viniciusaparecida@example.net,(11) 94279-3836,2003-05-25
87352381944,Yan Silva,marquesjuliana@example.com,(11) 97711-9217,1997-08-26
69005274933,Caio Castro,pmelo@example.net,(11) 98526-3373,1987-12-06
61252250111,Gael Henrique Pacheco,tcavalcante@example.net,(11) 99801-9736,1983-06-10
47086177988,Pedro Henrique Cavalcanti,iviana@example.com,(11) 91273-9339,1960-03-10
60288197866,Sra. Eduarda da Paz,gfogaca@example.org,(11) 98984-8475,1948-01-30
27578629100,João Nogueira,nogueiraana-sophia@example.org,(11) 92020-7807,1983-09-06
51907514733,Maria Vitória Casa Grande,heloisa57@example.com,(11) 96602-4167,1958-09-20
44536910844,Enzo Pinto,noahleao@example.com,(11) 97794-3664,1962-02-05
60620675466,Sr. Davi Lucca Rocha,ribeiromilena@example.net,(11) 92927-7510,1950-03-04
39568472533,Sra. Isabel Costa,danielacavalcante@example.net,(11) 93939-2448,1960-02-25
32338243000,Matheus Cavalcante,domguerra@example.net,(11) 94122-5742,1964-10-22
14835168577,Luiz Gustavo Dias,otavio70@example.com,(11) 95910-6292,1946-03-04
54132228744,Nina da Luz,lauracastro@example.net,(11) 99092-3578,1950-05-11
67485236644,José Cunha,lopesjulia@example.net,(11) 95469-2572,1974-02-18
48191634699,Josué Siqueira,cavalcantenicole@example.org,(11) 97758-4687,1977-05-16
57972132066,Elisa Câmara,alice84@example.net,(11) 94273-8569,1982-10-21
60808942111,Thomas Fernandes,araujogael-henrique@example.org,(11) 98073-9931,1970-04-09
28596455433,Camila Lopes,ceciliamarques@example.com,(11) 95842-4235,1983-02-20
58988807399,Léo Pinto,maria-vitoria53@example.net,(11) 91637-3030,1967-07-26
84865882000,Srta. Ana Pastor,theomendonca@example.net,(11) 97078-6105,2002-06-28
20390142099,Vitor Hugo Macedo,isabela80@example.com,(11) 98584-7696,2000-07-25
46138950499,Erick Martins,piresjoana@example.org,(11) 98787-1219,2001-08-26
64947733033,Vinícius Gomes,limabarbara@example.net,(11) 98467-8450,1997-07-22
98928606677,Sra. Alícia Machado,luiz-gustavofonseca@example.com,(11) 92763-2012,1955-07-15
14193190000,Olivia Cassiano,laura61@example.com,(11) 97836-6158,2007-03-01
63275989944,Pietra Dias,mendesana-carolina@example.com,(11) 91900-6450,1981-01-20
89451197799,Gustavo Macedo,levi45@example.org,(11) 93131-4943,1946-01-07
99213775077,Bernardo Almeida,ndas-neves@example.org,(11) 93013-6341,2006-01-21
64693769911,Gustavo Cassiano,manuelaabreu@example.net,(11) 91654-1431,2007-03-05
88437513366,Dr. Pedro Melo,pietroabreu@example.net,(11) 91083-2621,1966-07-07
53327640733,André Albuquerque,anna-liz05@example.com,(11) 91530-3262,2003-01-24
64934715911,Bento Cavalcante,vicentebrito@example.org,(11) 93975-3490,1977-01-20
42650532899,Dra. Olívia Marques,sarah65@example.org,(11) 96117-6332,1973-09-11
50491675744,Alana Nascimento,alanapimenta@example.net,(11) 99119-6959,1963-01-31
20123481900,Sra. Juliana Moura,arthur22@example.com,(11) 97788-4342,1984-02-24
32503653355,Lara Rocha,andre62@example.net,(11) 96142-5977,2000-09-05
83766702200,Enrico da Conceição,pedro-lucas18@example.org,(11) 98498-2146,1991-08-25
44523440111,Liz Silveira,xandrade@example.org,(11) 95264-9793,1983-10-17
22284189511,Dr. Antônio Sales,pda-rosa@example.net,(11) 99691-2660,1971-05-27
82498548700,Eloah Oliveira,emanuellyporto@example.org,(11) 95213-1330,2004-03-16
34648973466,Srta. Ana Lívia da Rocha,marcelo77@example.com,(11) 91423-5178,1959-10-21
99780030966,Rael Nunes,cauesouza@example.org,(11) 95284-2014,1944-12-07
78993850088,Eduardo da Conceição,pintosophia@example.org,(11) 97280-8085,1992-03-07
16388949577,Luiz Henrique Nogueira,ana-julia76@example.net,(11) 93345-5529,1993-09-29
65968667699,Pietro Campos,souzabrayan@example.com,(11) 91301-3732,2002-01-01
54104384933,Eduardo Guerra,ycaldeira@example.org,(11) 93909-1636,1962-05-03
50038070666,Isabella Machado,murilomartins@example.org,(11) 93688-5674,1978-02-04
29053299122,Dr. João Lucas Macedo,rhavi33@example.net,(11) 92945-8205,1963-07-13
43119919833,Dr. Vinicius Gonçalves,emilly10@example.net,(11) 97292-2373,1961-07-07
80122222055,Fernanda da Rocha,barbosabreno@example.org,(11) 94176-4381,2005-09-26
